game,n_rule_lines,rule_late,rule_random,rule_rigid,rule_dir_horizontal,rule_dir_vertical,rule_dir_fixed,rule_grouped,cell_no,cell_stationary,cell_moving,cell_perpendicular,cell_parallel,cell_orthogonal,cell_randomdir,cell_random,cell_action,cell_ellipsis,cell_arrows,cmd_win,cmd_cancel,cmd_restart,cmd_again,cmd_checkpoint,cmd_message,cmd_sfx,rule_multicell_max,rule_multipattern,startloop,pre_run_rules_on_level_start,pre_noaction,pre_norepeat_action,pre_throttle_movement,pre_noundo,pre_norestart,pre_realtime_interval,pre_zoomscreen,pre_flickscreen,pre_require_player_movement,n_messages,legend_or,legend_and,n_sounds,n_objects,n_layers,n_player_objects,n_rule_groups,n_rules_compiled,n_late_groups,n_late_rules_compiled,n_rule_sources,n_random_rules,n_rules_with_commands,n_rules_ellipsis,rigid,has_loop,pattern_max_cells,pattern_mean_cells,pattern_max_rows,rep_moves,rep_creates,rep_clears,n_winconditions,win_no,win_some,win_all,win_on,n_levels,level_mean_area,level_max_area,n_collision_layers,mean_solution_len,max_solution_len,mean_search_iters,frac_solved
-=lost=-,9.0,0.0,0.0,0.0,0.0,0.0,0.0,0.0,0.0,0.0,0.0,0.0,0.0,0.0,0.0,0.0,1.0,2.0,9.0,0.0,0.0,1.0,0.0,1.0,4.0,0.0,5.0,0.0,0.0,0.0,0.0,0.0,0.0,0.0,0.0,0.0,1.0,0.0,0.0,57.0,0.0,0.0,11.0,18.0,8.0,1.0,9.0,33.0,0.0,0.0,9.0,0.0,25.0,4.0,0.0,0.0,3.0,2.090909090909091,1.0,4.0,53.0,57.0,1.0,0.0,0.0,1.0,1.0,6.0,1427.5,2420.0,8.0,12.0,12,4007.8333333333335,0.16666666666666666
123456,117.0,0.0,0.0,0.0,0.0,0.0,5.0,0.0,63.0,77.0,0.0,0.0,0.0,2.0,0.0,0.0,6.0,0.0,111.0,1.0,0.0,1.0,0.0,0.0,0.0,0.0,3.0,2.0,1.0,1.0,0.0,0.0,0.0,0.0,0.0,0.0,0.0,0.0,0.0,28.0,30.0,10.0,6.0,34.0,5.0,12.0,117.0,447.0,0.0,0.0,117.0,0.0,187.0,0.0,0.0,1.0,2.0,1.9823008849557522,2.0,6.0,671.0,864.0,3.0,1.0,0.0,2.0,3.0,28.0,81.0,81.0,5.0,3.0,3,5.964285714285714,1.0
12345_v1.0,52.0,0.0,0.0,0.0,0.0,0.0,0.0,0.0,0.0,50.0,0.0,0.0,0.0,0.0,0.0,0.0,0.0,0.0,52.0,0.0,0.0,1.0,0.0,0.0,0.0,0.0,3.0,0.0,1.0,0.0,1.0,0.0,0.0,0.0,0.0,0.0,0.0,0.0,0.0,32.0,8.0,0.0,5.0,13.0,3.0,9.0,52.0,205.0,0.0,0.0,52.0,0.0,117.0,0.0,0.0,1.0,2.0,1.9951219512195122,1.0,0.0,252.0,396.0,3.0,1.0,0.0,2.0,3.0,30.0,49.0,49.0,3.0,13.227272727272727,46,18718.833333333332,0.7333333333333333
1D_M3,154.0,18.0,0.0,0.0,0.0,1.0,41.0,0.0,85.0,3.0,0.0,0.0,0.0,0.0,0.0,2.0,23.0,0.0,2.0,0.0,0.0,0.0,1.0,0.0,0.0,0.0,5.0,93.0,1.0,1.0,0.0,0.0,0.0,0.0,0.0,0.0,0.0,0.0,0.0,7.0,68.0,7.0,14.0,75.0,15.0,3.0,136.0,174.0,18.0,28.0,154.0,0.0,21.0,0.0,0.0,1.0,3.0,1.409375,3.0,82.0,427.0,444.0,2.0,2.0,0.0,0.0,2.0,1.0,121.0,121.0,15.0,0.0,0,14000.0,0.0
1D_Sokoban,3.0,0.0,0.0,0.0,0.0,0.0,0.0,0.0,6.0,0.0,0.0,0.0,0.0,0.0,0.0,0.0,1.0,0.0,0.0,0.0,0.0,0.0,0.0,0.0,0.0,0.0,1.0,3.0,0.0,0.0,0.0,1.0,0.0,0.0,0.0,0.0,0.0,0.0,0.0,1.0,0.0,0.0,9.0,9.0,4.0,1.0,3.0,3.0,0.0,0.0,3.0,0.0,1.0,0.0,0.0,0.0,1.0,1.0,2.0,0.0,6.0,6.0,1.0,0.0,0.0,1.0,1.0,2.0,9.0,10.0,4.0,7.0,9,17.0,1.0
2020,13.0,2.0,0.0,0.0,0.0,0.0,6.0,0.0,5.0,0.0,0.0,0.0,0.0,0.0,0.0,0.0,0.0,0.0,11.0,2.0,3.0,0.0,0.0,0.0,0.0,0.0,7.0,0.0,0.0,1.0,0.0,0.0,0.0,0.0,0.0,0.0,0.0,0.0,0.0,6.0,5.0,0.0,2.0,11.0,8.0,1.0,11.0,26.0,2.0,2.0,13.0,0.0,12.0,0.0,0.0,0.0,4.0,2.0714285714285716,1.0,14.0,26.0,26.0,1.0,0.0,0.0,1.0,1.0,5.0,60.2,80.0,8.0,15.0,22,23876.8,0.6
2048,14.0,0.0,1.0,0.0,0.0,0.0,0.0,0.0,3.0,0.0,0.0,0.0,0.0,0.0,0.0,1.0,1.0,0.0,35.0,0.0,1.0,0.0,0.0,0.0,0.0,0.0,3.0,0.0,0.0,0.0,0.0,0.0,0.0,1.0,0.0,0.0,0.0,0.0,0.0,1.0,10.0,0.0,2.0,12.0,2.0,11.0,14.0,130.0,0.0,0.0,14.0,1.0,1.0,0.0,0.0,0.0,2.0,1.9846153846153847,1.0,128.0,129.0,257.0,1.0,0.0,1.0,0.0,1.0,1.0,16.0,16.0,2.0,0.0,0,84000.0,0.0
2D_Whale_World,8.0,3.0,0.0,0.0,2.0,2.0,0.0,0.0,0.0,0.0,0.0,3.0,0.0,0.0,0.0,0.0,0.0,6.0,7.0,0.0,0.0,0.0,0.0,0.0,0.0,0.0,5.0,0.0,0.0,1.0,0.0,0.0,0.0,0.0,0.0,0.0,0.0,0.0,1.0,9.0,1.0,0.0,10.0,7.0,5.0,1.0,5.0,26.0,3.0,5.0,8.0,0.0,0.0,20.0,0.0,0.0,3.0,2.5483870967741935,1.0,40.0,57.0,59.0,1.0,1.0,0.0,0.0,1.0,8.0,199.125,272.0,5.0,39.5,61,4967.0,0.5
3_brothers,4.0,0.0,0.0,0.0,0.0,0.0,0.0,0.0,0.0,0.0,0.0,0.0,0.0,0.0,0.0,0.0,0.0,6.0,3.0,0.0,0.0,0.0,0.0,0.0,0.0,0.0,5.0,3.0,0.0,0.0,0.0,0.0,0.0,0.0,0.0,0.0,0.0,0.0,0.0,17.0,4.0,0.0,8.0,14.0,4.0,3.0,4.0,7.0,0.0,0.0,4.0,0.0,0.0,0.0,0.0,0.0,3.0,1.8,2.0,12.0,18.0,18.0,1.0,0.0,0.0,1.0,1.0,14.0,118.28571428571429,189.0,4.0,14.272727272727273,18,19558.428571428572,0.7857142857142857
3_in_a_row,38.0,0.0,0.0,0.0,0.0,0.0,8.0,0.0,29.0,0.0,0.0,0.0,0.0,0.0,0.0,1.0,1.0,4.0,4.0,0.0,0.0,0.0,0.0,0.0,1.0,0.0,5.0,32.0,1.0,0.0,0.0,0.0,0.0,0.0,0.0,1.0,0.0,1.0,0.0,0.0,23.0,9.0,2.0,40.0,7.0,1.0,38.0,391.0,0.0,0.0,38.0,0.0,1.0,2.0,0.0,1.0,3.0,1.4858247422680413,3.0,145.0,1135.0,1145.0,0.0,0.0,0.0,0.0,0.0,1.0,110.0,110.0,7.0,0.0,0,14000.0,0.0
5_step_steve_DEMAKE,161.0,79.0,0.0,0.0,0.0,0.0,36.0,1.0,19.0,2.0,2.0,0.0,0.0,0.0,0.0,0.0,2.0,0.0,39.0,0.0,3.0,0.0,1.0,1.0,9.0,0.0,5.0,63.0,0.0,0.0,0.0,0.0,0.0,0.0,0.0,0.0,0.0,1.0,0.0,6.0,40.0,18.0,9.0,78.0,27.0,2.0,81.0,165.0,79.0,85.0,161.0,0.0,90.0,0.0,0.0,0.0,3.0,1.3577235772357723,3.0,31.0,309.0,433.0,0.0,0.0,0.0,0.0,0.0,1.0,19712.0,19712.0,27.0,0.0,0,1000.0,0.0
9x9_Go,27.0,4.0,0.0,0.0,2.0,2.0,0.0,0.0,23.0,0.0,0.0,0.0,0.0,0.0,0.0,0.0,14.0,0.0,5.0,0.0,3.0,0.0,0.0,0.0,0.0,0.0,3.0,6.0,0.0,1.0,0.0,0.0,0.0,0.0,0.0,0.0,0.0,0.0,0.0,0.0,12.0,1.0,5.0,20.0,6.0,2.0,23.0,54.0,4.0,8.0,27.0,0.0,6.0,0.0,0.0,0.0,2.0,1.6849315068493151,2.0,10.0,79.0,82.0,0.0,0.0,0.0,0.0,0.0,1.0,121.0,121.0,6.0,0.0,0,9000.0,0.0
AVGN_Dis-Ventures,7.0,1.0,0.0,0.0,0.0,0.0,0.0,0.0,0.0,0.0,0.0,0.0,0.0,0.0,0.0,0.0,0.0,4.0,11.0,0.0,0.0,0.0,0.0,0.0,0.0,0.0,5.0,1.0,0.0,1.0,0.0,0.0,0.0,0.0,0.0,0.0,1.0,0.0,0.0,27.0,0.0,0.0,11.0,17.0,3.0,1.0,6.0,24.0,1.0,2.0,7.0,0.0,0.0,8.0,0.0,0.0,3.0,2.066666666666667,2.0,28.0,40.0,54.0,4.0,1.0,0.0,3.0,4.0,30.0,184.86666666666667,750.0,3.0,13.571428571428571,40,3019.5333333333333,0.9333333333333333
A_Cog's_Life,60.0,0.0,0.0,2.0,7.0,7.0,12.0,1.0,4.0,6.0,4.0,0.0,6.0,0.0,0.0,1.0,0.0,0.0,36.0,0.0,0.0,0.0,2.0,0.0,0.0,0.0,3.0,2.0,1.0,1.0,1.0,0.0,0.0,0.0,0.0,0.0,0.0,0.0,0.0,5.0,10.0,3.0,3.0,14.0,5.0,1.0,59.0,102.0,0.0,0.0,60.0,0.0,3.0,0.0,1.0,1.0,2.0,1.5357142857142858,2.0,111.0,142.0,143.0,1.0,0.0,0.0,1.0,1.0,8.0,117.625,165.0,5.0,0.0,0,0.0,0.0
A_Knight's_Path,21.0,18.0,0.0,0.0,0.0,0.0,4.0,0.0,2.0,0.0,0.0,0.0,0.0,0.0,0.0,0.0,0.0,0.0,9.0,0.0,6.0,0.0,0.0,0.0,0.0,0.0,7.0,6.0,0.0,0.0,0.0,0.0,0.0,0.0,0.0,0.0,0.0,0.0,0.0,3.0,6.0,2.0,5.0,16.0,11.0,1.0,3.0,9.0,18.0,27.0,21.0,0.0,6.0,0.0,0.0,0.0,4.0,1.6923076923076923,4.0,8.0,72.0,80.0,1.0,0.0,0.0,1.0,1.0,2.0,109.5,147.0,11.0,50.0,50,20370.0,0.5
A_Knight's_Tour,38.0,0.0,0.0,0.0,0.0,0.0,16.0,0.0,1.0,0.0,0.0,0.0,0.0,0.0,0.0,0.0,2.0,2.0,2.0,0.0,0.0,0.0,4.0,0.0,0.0,0.0,5.0,2.0,0.0,1.0,0.0,0.0,0.0,0.0,0.0,0.0,0.0,0.0,0.0,2.0,18.0,7.0,2.0,17.0,5.0,1.0,38.0,75.0,0.0,0.0,38.0,0.0,4.0,4.0,0.0,0.0,3.0,1.8831168831168832,2.0,8.0,109.0,121.0,2.0,2.0,0.0,0.0,2.0,11.0,54.54545454545455,81.0,5.0,34.666666666666664,40,14399.0,0.2727272727272727
A_Rose_for_Icy_Heart,50.0,11.0,0.0,0.0,0.0,0.0,2.0,0.0,15.0,2.0,0.0,0.0,6.0,3.0,1.0,1.0,4.0,6.0,17.0,7.0,0.0,4.0,1.0,0.0,8.0,0.0,5.0,4.0,0.0,1.0,0.0,0.0,0.0,0.0,0.0,1.0,1.0,0.0,0.0,20.0,27.0,5.0,12.0,69.0,6.0,5.0,39.0,125.0,11.0,20.0,50.0,0.0,79.0,8.0,0.0,0.0,3.0,1.7763975155279503,2.0,108.0,160.0,182.0,0.0,0.0,0.0,0.0,0.0,11.0,176.9090909090909,384.0,6.0,29.428571428571427,62,1291.1818181818182,0.6363636363636364
A_Unexamined_Life_Is_Not_Worth_Meowing,37.0,20.0,0.0,0.0,1.0,4.0,8.0,0.0,26.0,0.0,0.0,0.0,0.0,0.0,0.0,0.0,2.0,0.0,26.0,0.0,4.0,0.0,0.0,0.0,0.0,0.0,5.0,1.0,0.0,0.0,0.0,1.0,0.0,0.0,0.0,1.0,0.0,0.0,0.0,0.0,11.0,1.0,8.0,18.0,9.0,1.0,17.0,53.0,20.0,29.0,37.0,0.0,28.0,0.0,0.0,0.0,3.0,1.891566265060241,2.0,40.0,99.0,125.0,1.0,0.0,0.0,1.0,1.0,1.0,98.0,98.0,9.0,0.0,0,16000.0,0.0
A_desecration_of_Jack_Lance's__I'm_too_far_gone_,38.0,20.0,0.0,0.0,0.0,0.0,10.0,11.0,11.0,0.0,25.0,0.0,0.0,0.0,0.0,1.0,0.0,0.0,23.0,0.0,3.0,0.0,0.0,0.0,0.0,0.0,3.0,0.0,0.0,1.0,0.0,0.0,0.0,0.0,0.0,0.0,1.0,0.0,0.0,1.0,25.0,13.0,5.0,44.0,27.0,1.0,7.0,138.0,20.0,40.0,38.0,0.0,18.0,0.0,0.0,0.0,2.0,1.7303370786516854,1.0,228.0,270.0,287.0,2.0,1.0,0.0,1.0,2.0,1.0,1334.0,1334.0,27.0,0.0,0,3000.0,0.0
"A_port_of_Puzzle_Wizard_IQ_130+,_level_18_of_72",40.0,36.0,0.0,0.0,3.0,2.0,4.0,0.0,75.0,0.0,0.0,0.0,0.0,0.0,0.0,0.0,0.0,8.0,8.0,0.0,4.0,0.0,0.0,0.0,0.0,0.0,5.0,7.0,1.0,1.0,0.0,0.0,0.0,0.0,0.0,0.0,0.0,0.0,0.0,1.0,12.0,10.0,2.0,24.0,12.0,1.0,4.0,16.0,36.0,39.0,40.0,0.0,16.0,4.0,0.0,1.0,3.0,1.5483870967741935,2.0,0.0,43.0,58.0,1.0,0.0,0.0,1.0,1.0,1.0,80.0,80.0,12.0,73.0,73,9382.0,1.0
Aaaah!_I'm_Being_Attacked_by_a_Giant_Tentacle!,55.0,0.0,0.0,0.0,0.0,0.0,6.0,0.0,14.0,1.0,3.0,7.0,0.0,0.0,0.0,8.0,0.0,0.0,34.0,0.0,1.0,0.0,0.0,0.0,0.0,0.0,3.0,17.0,0.0,1.0,1.0,0.0,0.0,0.0,0.0,1.0,0.0,0.0,0.0,11.0,10.0,1.0,6.0,27.0,10.0,1.0,55.0,112.0,0.0,0.0,55.0,0.0,9.0,0.0,0.0,0.0,2.0,1.5147058823529411,2.0,65.0,137.0,186.0,1.0,0.0,1.0,0.0,1.0,10.0,277.6,500.0,10.0,36.0,58,3897.5,0.6
Abel's_Werehouse,15.0,13.0,0.0,0.0,0.0,0.0,0.0,0.0,1.0,0.0,0.0,0.0,0.0,0.0,0.0,0.0,0.0,0.0,4.0,1.0,0.0,0.0,0.0,0.0,4.0,0.0,3.0,0.0,0.0,0.0,0.0,0.0,0.0,0.0,0.0,0.0,0.0,0.0,0.0,4.0,14.0,1.0,3.0,28.0,10.0,1.0,2.0,5.0,13.0,19.0,15.0,0.0,6.0,0.0,0.0,0.0,2.0,1.5,1.0,8.0,32.0,35.0,0.0,0.0,0.0,0.0,0.0,6.0,111.83333333333333,121.0,10.0,12.0,33,1463.0,1.0
Absorb,9.0,0.0,0.0,0.0,0.0,0.0,0.0,0.0,0.0,0.0,0.0,0.0,0.0,0.0,0.0,0.0,0.0,0.0,9.0,2.0,0.0,0.0,0.0,0.0,0.0,0.0,3.0,2.0,0.0,0.0,0.0,0.0,0.0,0.0,0.0,0.0,0.0,0.0,0.0,8.0,0.0,0.0,8.0,11.0,3.0,1.0,9.0,36.0,0.0,0.0,9.0,0.0,8.0,0.0,0.0,0.0,2.0,1.6363636363636365,2.0,16.0,40.0,56.0,0.0,0.0,0.0,0.0,0.0,2.0,132.5,144.0,3.0,10.0,11,211.5,1.0
"Ad_Infinitum_v0.4.2_[Implemented_HighFloor,_finished]",33.0,0.0,0.0,0.0,0.0,0.0,10.0,0.0,34.0,0.0,0.0,0.0,0.0,0.0,0.0,0.0,14.0,8.0,11.0,0.0,1.0,0.0,0.0,0.0,0.0,0.0,5.0,1.0,0.0,0.0,1.0,0.0,0.0,0.0,0.0,0.0,0.0,0.0,0.0,17.0,15.0,0.0,2.0,24.0,9.0,1.0,33.0,278.0,0.0,0.0,33.0,0.0,1.0,196.0,0.0,0.0,3.0,2.5390070921985815,2.0,220.0,465.0,501.0,3.0,2.0,0.0,1.0,3.0,28.0,61.607142857142854,110.0,9.0,6.2727272727272725,21,8522.535714285714,0.39285714285714285
Add_Man_2__This_Time_It's_Arithmetical,10.0,0.0,0.0,0.0,0.0,0.0,2.0,0.0,1.0,0.0,0.0,0.0,0.0,0.0,0.0,0.0,0.0,0.0,12.0,0.0,1.0,0.0,0.0,0.0,0.0,0.0,3.0,0.0,0.0,0.0,1.0,0.0,0.0,0.0,0.0,0.0,0.0,0.0,0.0,5.0,0.0,0.0,2.0,8.0,3.0,1.0,10.0,31.0,0.0,0.0,10.0,0.0,1.0,0.0,0.0,0.0,2.0,1.967741935483871,1.0,16.0,44.0,60.0,2.0,0.0,0.0,2.0,2.0,15.0,37.0,54.0,3.0,24.5,50,41499.066666666666,0.6666666666666666
Aerobatics,81.0,0.0,1.0,0.0,0.0,0.0,12.0,0.0,19.0,0.0,0.0,0.0,0.0,0.0,0.0,1.0,6.0,0.0,63.0,0.0,0.0,0.0,6.0,0.0,0.0,0.0,5.0,6.0,0.0,1.0,0.0,0.0,0.0,0.0,0.0,0.0,0.0,0.0,0.0,10.0,30.0,6.0,6.0,39.0,4.0,1.0,81.0,449.0,0.0,0.0,81.0,1.0,204.0,0.0,0.0,0.0,3.0,1.873661670235546,2.0,408.0,467.0,790.0,3.0,2.0,1.0,0.0,3.0,10.0,232.8,360.0,4.0,15.0,27,7338.6,0.3
Airport_Aggression,53.0,21.0,0.0,0.0,0.0,0.0,12.0,0.0,42.0,2.0,6.0,0.0,0.0,0.0,0.0,9.0,0.0,0.0,8.0,0.0,0.0,0.0,9.0,9.0,7.0,0.0,3.0,17.0,0.0,1.0,0.0,0.0,0.0,0.0,0.0,0.0,1.0,0.0,0.0,1.0,88.0,6.0,2.0,113.0,17.0,4.0,32.0,59.0,21.0,21.0,53.0,0.0,18.0,0.0,0.0,0.0,2.0,1.288659793814433,2.0,34.0,40.0,64.0,0.0,0.0,0.0,0.0,0.0,1.0,2480.0,2480.0,17.0,0.0,0,1000.0,0.0
Akari_2,105.0,80.0,0.0,0.0,0.0,0.0,76.0,23.0,49.0,4.0,4.0,0.0,0.0,0.0,0.0,0.0,16.0,0.0,11.0,0.0,0.0,0.0,0.0,0.0,0.0,0.0,3.0,0.0,0.0,1.0,0.0,0.0,0.0,0.0,0.0,0.0,0.0,0.0,0.0,1.0,42.0,0.0,2.0,44.0,11.0,8.0,25.0,72.0,57.0,107.0,105.0,0.0,0.0,0.0,0.0,0.0,2.0,1.6927374301675977,1.0,44.0,171.0,191.0,1.0,1.0,0.0,0.0,1.0,4.0,44.25,49.0,11.0,5.0,5,7289.25,0.25
Al's_Egg_Roll,88.0,6.0,0.0,0.0,11.0,11.0,28.0,0.0,60.0,73.0,4.0,1.0,0.0,0.0,0.0,0.0,0.0,0.0,86.0,0.0,0.0,0.0,8.0,0.0,12.0,0.0,5.0,0.0,1.0,1.0,0.0,0.0,0.0,0.0,0.0,0.0,0.0,0.0,0.0,1.0,19.0,15.0,8.0,45.0,20.0,1.0,82.0,1107.0,6.0,6.0,88.0,0.0,221.0,0.0,0.0,1.0,3.0,1.9883198562443845,1.0,426.0,2003.0,2016.0,4.0,4.0,0.0,0.0,4.0,23.0,115.52173913043478,204.0,20.0,13.25,18,2518.2608695652175,0.17391304347826086
Alcazar,161.0,8.0,2.0,0.0,0.0,0.0,100.0,0.0,191.0,0.0,3.0,0.0,0.0,0.0,0.0,2.0,3.0,0.0,1.0,0.0,0.0,0.0,0.0,0.0,0.0,0.0,3.0,1.0,1.0,1.0,0.0,0.0,0.0,0.0,0.0,0.0,0.0,0.0,0.0,3.0,12.0,4.0,7.0,51.0,48.0,1.0,153.0,170.0,8.0,8.0,161.0,2.0,28.0,0.0,0.0,1.0,2.0,1.4916201117318435,2.0,21.0,175.0,240.0,3.0,3.0,0.0,0.0,3.0,10.0,41.9,108.0,48.0,8.0,12,10131.7,0.2
Algorithm-Generated_Sokoban_Levels,6.0,2.0,0.0,0.0,0.0,0.0,0.0,0.0,2.0,0.0,0.0,0.0,0.0,0.0,0.0,0.0,0.0,0.0,8.0,0.0,2.0,0.0,0.0,0.0,0.0,0.0,3.0,0.0,0.0,0.0,0.0,0.0,0.0,0.0,0.0,0.0,0.0,0.0,0.0,20.0,2.0,0.0,2.0,7.0,7.0,1.0,4.0,24.0,2.0,2.0,6.0,0.0,13.0,0.0,0.0,0.0,2.0,1.9230769230769231,1.0,8.0,25.0,25.0,3.0,0.0,2.0,1.0,3.0,20.0,36.0,36.0,7.0,55.1764705882353,90,29621.45,0.85
All_These_Damn_Crates,4.0,0.0,0.0,0.0,0.0,0.0,0.0,0.0,0.0,0.0,0.0,0.0,0.0,0.0,0.0,0.0,0.0,0.0,10.0,0.0,0.0,0.0,0.0,0.0,0.0,0.0,3.0,0.0,0.0,0.0,0.0,0.0,0.0,0.0,0.0,0.0,0.0,0.0,0.0,16.0,0.0,1.0,4.0,6.0,3.0,1.0,4.0,16.0,0.0,0.0,4.0,0.0,0.0,0.0,0.0,0.0,2.0,2.0,1.0,24.0,32.0,32.0,1.0,0.0,0.0,1.0,1.0,4.0,115.75,121.0,3.0,0.0,0,42500.0,0.0
Alley,50.0,0.0,2.0,0.0,0.0,0.0,20.0,1.0,12.0,8.0,8.0,0.0,0.0,0.0,0.0,2.0,0.0,0.0,14.0,0.0,0.0,0.0,0.0,0.0,0.0,0.0,5.0,16.0,0.0,1.0,1.0,0.0,0.0,0.0,0.0,0.0,0.0,0.0,0.0,0.0,5.0,1.0,2.0,13.0,9.0,1.0,49.0,96.0,0.0,0.0,50.0,8.0,0.0,0.0,0.0,0.0,3.0,1.7857142857142858,2.0,60.0,139.0,172.0,1.0,0.0,0.0,1.0,1.0,7.0,85.42857142857143,121.0,9.0,9.4,17,13349.0,0.7142857142857143
Amy,6.0,5.0,0.0,0.0,0.0,0.0,4.0,0.0,0.0,0.0,0.0,0.0,0.0,0.0,0.0,0.0,0.0,0.0,3.0,0.0,0.0,0.0,0.0,0.0,0.0,0.0,3.0,0.0,0.0,0.0,1.0,0.0,0.0,0.0,0.0,0.0,0.0,0.0,0.0,9.0,5.0,0.0,3.0,10.0,4.0,1.0,1.0,4.0,5.0,6.0,6.0,0.0,0.0,0.0,0.0,0.0,2.0,1.8,1.0,8.0,12.0,14.0,2.0,0.0,0.0,2.0,2.0,8.0,65.5,81.0,4.0,0.0,0,52500.0,0.0
An_Auspicious_Day_v0.2.1,79.0,16.0,0.0,0.0,7.0,10.0,32.0,0.0,32.0,0.0,0.0,2.0,0.0,0.0,0.0,0.0,49.0,12.0,6.0,0.0,0.0,0.0,4.0,2.0,26.0,0.0,11.0,1.0,0.0,0.0,0.0,0.0,0.0,0.0,0.0,0.0,0.0,1.0,0.0,2.0,18.0,81.0,2.0,32.0,6.0,4.0,63.0,415.0,16.0,31.0,79.0,0.0,31.0,16.0,0.0,0.0,6.0,2.463203463203463,2.0,244.0,797.0,939.0,0.0,0.0,0.0,0.0,0.0,1.0,22440.0,22440.0,6.0,0.0,0,1000.0,0.0
Ancient_Puzzles_of_Colossal_Caves_indev4,70.0,3.0,0.0,0.0,1.0,2.0,9.0,4.0,42.0,0.0,0.0,0.0,0.0,0.0,0.0,18.0,3.0,0.0,13.0,0.0,4.0,0.0,4.0,0.0,0.0,0.0,5.0,20.0,1.0,1.0,0.0,0.0,0.0,0.0,0.0,0.0,0.0,0.0,0.0,0.0,28.0,21.0,13.0,62.0,26.0,1.0,63.0,219.0,3.0,3.0,70.0,0.0,14.0,0.0,0.0,1.0,3.0,1.5870786516853932,2.0,4.0,473.0,523.0,1.0,1.0,0.0,0.0,1.0,8.0,126.875,204.0,26.0,0.0,0,6625.0,0.0
Angize,27.0,0.0,0.0,0.0,0.0,0.0,20.0,0.0,8.0,16.0,1.0,0.0,0.0,0.0,0.0,0.0,1.0,0.0,19.0,1.0,0.0,0.0,13.0,0.0,0.0,0.0,5.0,0.0,0.0,1.0,0.0,0.0,0.0,0.0,0.0,0.0,0.0,0.0,0.0,6.0,16.0,0.0,3.0,14.0,4.0,1.0,27.0,50.0,0.0,0.0,27.0,0.0,23.0,0.0,0.0,0.0,3.0,1.88,1.0,32.0,55.0,65.0,1.0,1.0,0.0,0.0,1.0,13.0,82.53846153846153,231.0,4.0,2.0,2,1.0,1.0
Animal_Cascade,85.0,4.0,0.0,0.0,0.0,0.0,32.0,0.0,1.0,32.0,0.0,0.0,0.0,0.0,0.0,0.0,0.0,0.0,25.0,0.0,0.0,0.0,16.0,0.0,0.0,0.0,5.0,4.0,1.0,0.0,0.0,0.0,0.0,0.0,0.0,0.0,0.0,0.0,0.0,6.0,16.0,13.0,8.0,29.0,5.0,1.0,81.0,144.0,4.0,4.0,85.0,0.0,112.0,0.0,0.0,1.0,3.0,2.263157894736842,2.0,96.0,224.0,232.0,2.0,2.0,0.0,0.0,2.0,10.0,338.6,416.0,5.0,4.9,9,58.4,1.0
Antimatter_Labs,13.0,6.0,0.0,0.0,0.0,0.0,0.0,0.0,1.0,0.0,0.0,0.0,0.0,0.0,0.0,0.0,0.0,0.0,12.0,1.0,1.0,0.0,0.0,0.0,1.0,0.0,3.0,0.0,0.0,0.0,0.0,0.0,0.0,0.0,0.0,1.0,0.0,1.0,0.0,34.0,1.0,0.0,3.0,17.0,7.0,1.0,7.0,19.0,6.0,15.0,13.0,0.0,3.0,0.0,0.0,0.0,2.0,1.7058823529411764,1.0,16.0,37.0,43.0,3.0,0.0,0.0,3.0,3.0,12.0,113.91666666666667,220.0,7.0,12.333333333333334,18,24039.666666666668,0.25
Aperture_Science_Sokoban_Testing_Initiative,226.0,148.0,28.0,0.0,14.0,9.0,84.0,4.0,177.0,0.0,0.0,0.0,0.0,0.0,0.0,28.0,5.0,0.0,57.0,1.0,2.0,0.0,4.0,0.0,1.0,0.0,5.0,56.0,0.0,1.0,0.0,0.0,0.0,0.0,0.0,0.0,0.0,0.0,0.0,62.0,49.0,25.0,14.0,32.0,6.0,4.0,78.0,390.0,144.0,196.0,226.0,28.0,101.0,0.0,0.0,0.0,3.0,1.5440993788819877,3.0,216.0,756.0,1069.0,0.0,0.0,0.0,0.0,0.0,23.0,110.95652173913044,224.0,6.0,11.6,24,8112.913043478261,0.21739130434782608
"At_Last,_A_Ninja!",80.0,0.0,0.0,0.0,2.0,0.0,57.0,0.0,45.0,0.0,0.0,0.0,0.0,0.0,0.0,0.0,4.0,4.0,48.0,0.0,0.0,0.0,0.0,0.0,0.0,0.0,5.0,8.0,0.0,0.0,0.0,0.0,0.0,1.0,0.0,1.0,0.0,0.0,0.0,3.0,28.0,4.0,16.0,32.0,6.0,10.0,80.0,118.0,0.0,0.0,80.0,0.0,39.0,2.0,0.0,0.0,3.0,1.7753623188405796,2.0,42.0,178.0,190.0,2.0,1.0,0.0,1.0,2.0,3.0,162.0,162.0,6.0,0.0,0,8333.333333333334,0.0
Atlas_Shrank,44.0,22.0,0.0,0.0,4.0,1.0,22.0,0.0,19.0,0.0,3.0,0.0,0.0,0.0,0.0,0.0,5.0,0.0,11.0,0.0,1.0,0.0,2.0,0.0,1.0,0.0,5.0,17.0,0.0,1.0,0.0,0.0,0.0,0.0,0.0,0.0,0.0,1.0,0.0,9.0,21.0,1.0,8.0,32.0,5.0,5.0,22.0,35.0,22.0,26.0,44.0,0.0,24.0,0.0,0.0,0.0,3.0,1.3829787234042554,2.0,18.0,84.0,99.0,1.0,0.0,0.0,1.0,1.0,12.0,349.5,1080.0,5.0,26.6,40,4070.6666666666665,0.4166666666666667
Atomix_demake,201.0,91.0,2.0,0.0,6.0,5.0,18.0,0.0,138.0,0.0,0.0,0.0,0.0,0.0,0.0,2.0,2.0,6.0,26.0,0.0,3.0,0.0,2.0,0.0,4.0,0.0,9.0,140.0,1.0,1.0,0.0,1.0,0.0,0.0,0.0,0.0,0.0,0.0,0.0,19.0,46.0,57.0,2.0,98.0,59.0,1.0,110.0,2610.0,91.0,108.0,201.0,2.0,2254.0,6.0,0.0,1.0,5.0,1.8051434223541047,3.0,88.0,912.0,967.0,3.0,2.0,1.0,0.0,3.0,14.0,124.71428571428571,162.0,59.0,28.0,37,6471.428571428572,0.14285714285714285
Attack_of_the_Martian_Giants,151.0,0.0,7.0,0.0,3.0,3.0,53.0,20.0,87.0,2.0,0.0,0.0,0.0,0.0,0.0,7.0,70.0,86.0,10.0,0.0,0.0,0.0,0.0,0.0,0.0,0.0,9.0,66.0,1.0,1.0,0.0,0.0,0.0,1.0,0.0,1.0,0.0,0.0,0.0,14.0,25.0,18.0,12.0,31.0,6.0,1.0,131.0,348.0,0.0,0.0,151.0,16.0,105.0,48.0,0.0,1.0,5.0,1.6183953033268101,4.0,205.0,567.0,672.0,7.0,7.0,0.0,0.0,7.0,7.0,319.2857142857143,510.0,6.0,0.0,0,4714.285714285715,0.0
AutoDom,13.0,6.0,0.0,0.0,0.0,0.0,6.0,0.0,24.0,0.0,0.0,0.0,0.0,0.0,0.0,0.0,5.0,0.0,1.0,0.0,1.0,0.0,4.0,0.0,0.0,0.0,5.0,1.0,0.0,0.0,0.0,0.0,0.0,0.0,0.0,0.0,0.0,0.0,0.0,4.0,8.0,0.0,6.0,14.0,6.0,1.0,7.0,21.0,6.0,199.0,13.0,0.0,45.0,0.0,0.0,0.0,3.0,2.8125,2.0,0.0,612.0,617.0,0.0,0.0,0.0,0.0,0.0,1.0,100.0,100.0,6.0,0.0,0,35000.0,0.0
AutoTrom,16.0,9.0,0.0,0.0,0.0,0.0,8.0,0.0,45.0,0.0,0.0,0.0,0.0,0.0,0.0,0.0,5.0,0.0,1.0,0.0,1.0,0.0,6.0,0.0,0.0,0.0,9.0,1.0,0.0,0.0,0.0,0.0,0.0,0.0,0.0,0.0,0.0,0.0,0.0,4.0,12.0,0.0,4.0,18.0,6.0,1.0,7.0,25.0,9.0,1067.0,16.0,0.0,403.0,0.0,0.0,0.0,5.0,3.9361313868613137,2.0,0.0,4284.0,4289.0,0.0,0.0,0.0,0.0,0.0,1.0,121.0,121.0,6.0,0.0,0,18000.0,0.0
Autumn,43.0,24.0,0.0,0.0,2.0,1.0,7.0,1.0,84.0,0.0,0.0,0.0,0.0,0.0,0.0,1.0,0.0,12.0,16.0,2.0,1.0,1.0,4.0,0.0,0.0,0.0,7.0,13.0,0.0,1.0,0.0,0.0,0.0,0.0,0.0,0.0,0.0,0.0,0.0,39.0,9.0,1.0,4.0,37.0,14.0,1.0,19.0,37.0,23.0,27.0,43.0,0.0,11.0,7.0,0.0,0.0,4.0,1.7692307692307692,2.0,20.0,86.0,108.0,0.0,0.0,0.0,0.0,0.0,20.0,58.4,140.0,14.0,15.88888888888889,29,4531.45,0.45
Avis_Anguis,380.0,214.0,20.0,18.0,6.0,6.0,120.0,70.0,227.0,47.0,25.0,3.0,0.0,0.0,0.0,20.0,6.0,6.0,115.0,0.0,10.0,0.0,1.0,0.0,0.0,0.0,7.0,178.0,1.0,1.0,0.0,0.0,0.0,0.0,0.0,0.0,0.0,0.0,0.0,0.0,84.0,0.0,7.0,94.0,37.0,1.0,133.0,740.0,177.0,509.0,380.0,41.0,58.0,24.0,1.0,1.0,4.0,1.5026501766784452,4.0,981.0,2859.0,2975.0,1.0,0.0,1.0,0.0,1.0,3.0,87.33333333333333,168.0,37.0,0.0,0,0.0,0.0
BUDS,18.0,10.0,0.0,0.0,0.0,0.0,0.0,0.0,6.0,0.0,0.0,0.0,0.0,0.0,0.0,0.0,0.0,0.0,10.0,0.0,0.0,0.0,0.0,0.0,0.0,0.0,3.0,6.0,0.0,0.0,0.0,0.0,0.0,0.0,0.0,0.0,0.0,0.0,0.0,5.0,7.0,2.0,4.0,19.0,6.0,1.0,8.0,20.0,10.0,22.0,18.0,0.0,10.0,0.0,0.0,0.0,2.0,1.6666666666666667,2.0,32.0,52.0,68.0,1.0,1.0,0.0,0.0,1.0,5.0,131.2,144.0,6.0,17.666666666666668,32,19746.8,0.6
Back_home,25.0,18.0,1.0,0.0,0.0,0.0,11.0,0.0,19.0,0.0,0.0,0.0,0.0,0.0,0.0,1.0,0.0,0.0,8.0,0.0,0.0,0.0,6.0,0.0,0.0,0.0,3.0,0.0,1.0,0.0,0.0,0.0,0.0,0.0,0.0,0.0,0.0,0.0,0.0,43.0,15.0,12.0,6.0,19.0,5.0,1.0,7.0,19.0,18.0,36.0,25.0,1.0,7.0,0.0,0.0,1.0,2.0,1.8727272727272728,1.0,18.0,73.0,75.0,1.0,0.0,0.0,1.0,1.0,13.0,79.92307692307692,108.0,5.0,35.916666666666664,71,10101.461538461539,0.9230769230769231
Backstabber,25.0,6.0,0.0,0.0,0.0,0.0,12.0,0.0,3.0,0.0,2.0,0.0,0.0,0.0,0.0,0.0,12.0,12.0,10.0,0.0,0.0,0.0,7.0,0.0,0.0,0.0,7.0,2.0,0.0,0.0,0.0,0.0,0.0,0.0,0.0,0.0,0.0,0.0,0.0,7.0,7.0,0.0,5.0,18.0,5.0,1.0,19.0,62.0,6.0,9.0,25.0,0.0,48.0,28.0,0.0,0.0,4.0,2.2151898734177213,2.0,68.0,130.0,131.0,1.0,1.0,0.0,0.0,1.0,6.0,122.66666666666667,150.0,5.0,60.0,82,6099.5,0.8333333333333334
Bad_Example,1.0,0.0,0.0,0.0,0.0,0.0,0.0,0.0,0.0,0.0,0.0,0.0,0.0,0.0,0.0,0.0,0.0,0.0,3.0,0.0,0.0,0.0,0.0,0.0,0.0,0.0,3.0,0.0,0.0,0.0,0.0,0.0,0.0,0.0,0.0,0.0,0.0,0.0,0.0,4.0,0.0,1.0,2.0,5.0,3.0,1.0,1.0,4.0,0.0,0.0,1.0,0.0,0.0,0.0,0.0,0.0,2.0,2.0,1.0,8.0,8.0,8.0,1.0,0.0,0.0,1.0,1.0,3.0,51.333333333333336,56.0,3.0,30.0,30,47875.666666666664,0.3333333333333333
Baguettes,33.0,13.0,0.0,0.0,5.0,5.0,13.0,0.0,10.0,0.0,33.0,0.0,0.0,0.0,0.0,0.0,0.0,0.0,22.0,0.0,2.0,0.0,0.0,0.0,0.0,0.0,7.0,0.0,1.0,1.0,0.0,0.0,0.0,0.0,0.0,0.0,0.0,0.0,0.0,0.0,14.0,0.0,2.0,21.0,5.0,1.0,20.0,133.0,13.0,15.0,33.0,0.0,8.0,0.0,0.0,1.0,4.0,2.0878378378378377,1.0,248.0,224.0,224.0,7.0,0.0,0.0,7.0,7.0,9.0,83.33333333333333,117.0,5.0,27.333333333333332,40,24387.777777777777,0.3333333333333333
Bal_Ru's_Curse_cruelty-free_demake,34.0,0.0,16.0,0.0,0.0,0.0,3.0,0.0,10.0,0.0,0.0,0.0,0.0,0.0,0.0,16.0,4.0,0.0,12.0,0.0,0.0,0.0,0.0,0.0,0.0,0.0,11.0,4.0,0.0,1.0,0.0,0.0,0.0,0.0,0.0,0.0,0.0,0.0,0.0,4.0,6.0,1.0,4.0,13.0,5.0,1.0,34.0,106.0,0.0,0.0,34.0,16.0,4.0,0.0,0.0,0.0,6.0,2.1188811188811187,2.0,57.0,236.0,271.0,1.0,0.0,1.0,0.0,1.0,1.0,48.0,48.0,5.0,0.0,0,49000.0,0.0
Ball_Bros,139.0,95.0,0.0,0.0,9.0,9.0,12.0,35.0,17.0,3.0,1.0,0.0,0.0,0.0,0.0,0.0,14.0,0.0,10.0,0.0,0.0,0.0,7.0,0.0,0.0,0.0,3.0,7.0,1.0,1.0,0.0,1.0,0.0,0.0,0.0,0.0,0.0,0.0,0.0,1.0,125.0,14.0,7.0,96.0,6.0,1.0,44.0,249.0,60.0,221.0,139.0,0.0,7.0,0.0,0.0,1.0,2.0,1.5555555555555556,2.0,18.0,688.0,698.0,1.0,1.0,0.0,0.0,1.0,10.0,120.0,154.0,6.0,40.0,44,5400.4,0.2
Ball_smashs_blocks,6.0,0.0,0.0,0.0,0.0,0.0,0.0,0.0,0.0,0.0,0.0,0.0,0.0,0.0,0.0,0.0,0.0,12.0,6.0,0.0,0.0,0.0,0.0,0.0,0.0,0.0,7.0,0.0,0.0,0.0,0.0,0.0,0.0,0.0,0.0,0.0,1.0,0.0,0.0,2.0,0.0,0.0,3.0,5.0,3.0,1.0,6.0,24.0,0.0,0.0,6.0,0.0,8.0,24.0,0.0,0.0,4.0,3.3333333333333335,1.0,0.0,28.0,52.0,2.0,1.0,1.0,0.0,2.0,11.0,83.18181818181819,352.0,3.0,11.88888888888889,44,8440.636363636364,0.8181818181818182
Bat_Loves_Lava_Shark,23.0,12.0,0.0,0.0,1.0,0.0,3.0,0.0,7.0,2.0,1.0,0.0,0.0,0.0,0.0,0.0,0.0,0.0,18.0,0.0,0.0,0.0,2.0,0.0,0.0,0.0,7.0,0.0,0.0,0.0,0.0,0.0,0.0,0.0,0.0,1.0,0.0,0.0,0.0,4.0,9.0,8.0,2.0,16.0,4.0,5.0,11.0,57.0,12.0,13.0,23.0,0.0,3.0,0.0,0.0,0.0,4.0,2.3142857142857145,1.0,33.0,32.0,37.0,1.0,1.0,0.0,0.0,1.0,3.0,168.66666666666666,182.0,4.0,0.0,0,12666.666666666666,0.0
Battle-Mage,49.0,4.0,4.0,0.0,2.0,2.0,5.0,0.0,29.0,2.0,0.0,0.0,0.0,0.0,0.0,4.0,33.0,14.0,21.0,0.0,1.0,0.0,0.0,0.0,0.0,0.0,5.0,6.0,1.0,0.0,0.0,0.0,0.0,1.0,0.0,0.0,0.0,0.0,0.0,2.0,22.0,8.0,10.0,29.0,6.0,1.0,45.0,163.0,4.0,7.0,49.0,10.0,45.0,24.0,0.0,1.0,3.0,1.6738197424892705,2.0,144.0,263.0,306.0,3.0,2.0,1.0,0.0,3.0,1.0,441.0,441.0,6.0,0.0,0,2000.0,0.0
Beam_Islands,84.0,0.0,0.0,0.0,0.0,0.0,23.0,3.0,20.0,6.0,2.0,0.0,0.0,0.0,0.0,0.0,3.0,0.0,16.0,0.0,0.0,0.0,0.0,0.0,0.0,0.0,3.0,9.0,0.0,1.0,0.0,0.0,0.0,0.0,0.0,1.0,0.0,0.0,0.0,5.0,40.0,1.0,7.0,48.0,19.0,1.0,81.0,239.0,0.0,0.0,84.0,0.0,11.0,0.0,0.0,0.0,2.0,1.1432926829268293,2.0,75.0,333.0,366.0,1.0,0.0,0.0,1.0,1.0,8.0,142.25,198.0,19.0,7.666666666666667,11,3088.0,0.375
Bichrome,15.0,0.0,0.0,0.0,0.0,0.0,0.0,0.0,0.0,0.0,0.0,0.0,0.0,0.0,0.0,0.0,4.0,0.0,17.0,0.0,0.0,0.0,0.0,0.0,0.0,0.0,5.0,0.0,0.0,0.0,0.0,1.0,0.0,0.0,0.0,0.0,0.0,0.0,0.0,17.0,12.0,2.0,5.0,10.0,3.0,4.0,15.0,56.0,0.0,0.0,15.0,0.0,16.0,0.0,0.0,0.0,3.0,1.8571428571428572,1.0,16.0,68.0,68.0,4.0,0.0,0.0,4.0,4.0,12.0,74.0,130.0,3.0,21.333333333333332,29,35467.166666666664,0.25
Big_Dave,35.0,1.0,0.0,0.0,0.0,0.0,16.0,0.0,8.0,1.0,4.0,0.0,0.0,0.0,0.0,0.0,0.0,0.0,26.0,0.0,1.0,0.0,0.0,0.0,0.0,0.0,3.0,0.0,1.0,1.0,1.0,0.0,0.0,0.0,0.0,0.0,0.0,0.0,0.0,1.0,9.0,2.0,6.0,18.0,10.0,5.0,34.0,124.0,1.0,1.0,35.0,0.0,32.0,0.0,0.0,1.0,2.0,1.672,1.0,84.0,119.0,125.0,1.0,0.0,0.0,1.0,1.0,1.0,156.0,156.0,10.0,0.0,0,13000.0,0.0
Bit_Blocks,19.0,10.0,0.0,0.0,1.0,1.0,0.0,0.0,0.0,0.0,0.0,0.0,0.0,0.0,0.0,0.0,0.0,0.0,22.0,0.0,0.0,0.0,0.0,0.0,0.0,0.0,5.0,0.0,0.0,0.0,0.0,0.0,0.0,0.0,0.0,0.0,0.0,0.0,0.0,87.0,17.0,0.0,2.0,33.0,7.0,2.0,9.0,29.0,10.0,20.0,19.0,0.0,0.0,0.0,0.0,0.0,3.0,2.3877551020408165,1.0,48.0,25.0,89.0,6.0,0.0,0.0,6.0,6.0,60.0,118.91666666666667,759.0,7.0,25.318181818181817,91,11847.3,0.36666666666666664
Black_&_White,7.0,0.0,0.0,0.0,0.0,0.0,0.0,0.0,0.0,0.0,0.0,0.0,0.0,0.0,0.0,0.0,0.0,0.0,7.0,0.0,0.0,0.0,0.0,0.0,0.0,0.0,5.0,0.0,0.0,0.0,0.0,0.0,0.0,0.0,0.0,0.0,0.0,0.0,0.0,3.0,4.0,1.0,2.0,9.0,4.0,3.0,7.0,28.0,0.0,0.0,7.0,0.0,0.0,0.0,0.0,0.0,3.0,2.2857142857142856,1.0,0.0,52.0,64.0,1.0,0.0,0.0,1.0,1.0,12.0,46.666666666666664,90.0,4.0,19.25,61,16659.916666666668,0.6666666666666666
Blind_Maze_a1,56.0,17.0,12.0,0.0,1.0,1.0,12.0,1.0,43.0,0.0,0.0,0.0,0.0,0.0,0.0,16.0,10.0,0.0,2.0,0.0,0.0,0.0,0.0,0.0,0.0,0.0,3.0,20.0,1.0,1.0,0.0,1.0,0.0,1.0,0.0,0.0,0.0,0.0,0.0,10.0,16.0,23.0,9.0,42.0,29.0,1.0,38.0,49.0,17.0,17.0,56.0,14.0,3.0,0.0,0.0,1.0,2.0,1.24,4.0,3.0,95.0,112.0,1.0,1.0,0.0,0.0,1.0,25.0,88.8,117.0,29.0,7.590909090909091,11,1461.48,0.88
Blind_Ninja,28.0,11.0,0.0,0.0,1.0,1.0,16.0,0.0,10.0,1.0,1.0,0.0,0.0,0.0,0.0,0.0,0.0,8.0,15.0,0.0,0.0,0.0,0.0,0.0,0.0,0.0,5.0,0.0,0.0,0.0,0.0,0.0,0.0,1.0,0.0,0.0,0.0,0.0,0.0,6.0,3.0,2.0,6.0,11.0,6.0,1.0,17.0,47.0,11.0,14.0,28.0,0.0,12.0,12.0,0.0,0.0,3.0,2.180327868852459,1.0,8.0,108.0,121.0,1.0,1.0,0.0,0.0,1.0,9.0,43.0,91.0,6.0,5.0,8,274.22222222222223,1.0
Blow_the_ship_down!,38.0,31.0,0.0,0.0,1.0,0.0,11.0,0.0,16.0,0.0,0.0,0.0,0.0,0.0,0.0,1.0,2.0,0.0,1.0,0.0,0.0,0.0,2.0,0.0,0.0,0.0,3.0,0.0,0.0,1.0,0.0,0.0,0.0,0.0,0.0,0.0,1.0,0.0,0.0,3.0,16.0,0.0,2.0,25.0,9.0,2.0,7.0,7.0,31.0,59.0,38.0,0.0,2.0,0.0,0.0,0.0,2.0,1.6666666666666667,1.0,2.0,78.0,102.0,1.0,0.0,1.0,0.0,1.0,1.0,360.0,360.0,9.0,0.0,0,1000.0,0.0
Boats_Cars_&_Trains,48.0,20.0,0.0,0.0,0.0,0.0,3.0,0.0,19.0,0.0,0.0,0.0,0.0,0.0,0.0,0.0,19.0,4.0,25.0,0.0,0.0,0.0,0.0,0.0,0.0,0.0,7.0,13.0,0.0,0.0,0.0,0.0,0.0,0.0,0.0,1.0,0.0,1.0,0.0,11.0,36.0,9.0,10.0,51.0,8.0,6.0,28.0,82.0,20.0,22.0,48.0,0.0,8.0,2.0,0.0,0.0,4.0,1.3540372670807452,4.0,42.0,123.0,133.0,1.0,0.0,0.0,1.0,1.0,9.0,150.33333333333334,165.0,8.0,22.666666666666668,36,158.66666666666666,1.0
Bombs_Away,55.0,9.0,4.0,0.0,3.0,0.0,29.0,0.0,25.0,6.0,0.0,0.0,0.0,0.0,0.0,4.0,3.0,2.0,20.0,0.0,0.0,1.0,8.0,0.0,0.0,0.0,13.0,15.0,1.0,1.0,0.0,0.0,0.0,0.0,0.0,0.0,0.0,0.0,0.0,14.0,18.0,0.0,8.0,31.0,6.0,2.0,46.0,155.0,9.0,9.0,55.0,5.0,24.0,1.0,0.0,1.0,7.0,1.555045871559633,2.0,25.0,207.0,246.0,1.0,0.0,0.0,1.0,1.0,10.0,456.0,456.0,6.0,5.0,5,1081.2,0.2
Boolean_Bloom_0.37,43.0,28.0,0.0,0.0,0.0,1.0,18.0,0.0,34.0,0.0,0.0,0.0,0.0,0.0,0.0,0.0,3.0,0.0,14.0,1.0,0.0,0.0,5.0,0.0,0.0,0.0,5.0,4.0,0.0,1.0,0.0,0.0,0.0,0.0,0.0,0.0,0.0,0.0,0.0,14.0,35.0,12.0,9.0,36.0,13.0,5.0,15.0,39.0,28.0,28.0,43.0,0.0,40.0,0.0,0.0,0.0,3.0,1.9014084507042253,2.0,12.0,93.0,126.0,1.0,0.0,0.0,1.0,1.0,9.0,222.88888888888889,280.0,13.0,4.0,4,23.555555555555557,1.0
Bottomless_puzzle-adventure,6.0,2.0,0.0,0.0,0.0,0.0,0.0,0.0,0.0,0.0,0.0,0.0,0.0,0.0,0.0,0.0,4.0,0.0,1.0,0.0,0.0,1.0,0.0,0.0,1.0,0.0,1.0,1.0,0.0,1.0,0.0,1.0,0.0,0.0,0.0,0.0,0.0,0.0,0.0,0.0,0.0,4.0,3.0,15.0,6.0,2.0,4.0,4.0,2.0,2.0,6.0,0.0,2.0,0.0,0.0,0.0,1.0,1.0,2.0,2.0,6.0,6.0,3.0,2.0,0.0,1.0,3.0,2.0,28.0,36.0,6.0,0.0,0,1.0,0.0
Boulder_Puzzle,55.0,3.0,0.0,0.0,4.0,0.0,17.0,4.0,23.0,6.0,4.0,0.0,0.0,0.0,0.0,0.0,0.0,8.0,30.0,0.0,1.0,0.0,20.0,0.0,0.0,0.0,7.0,5.0,0.0,1.0,1.0,0.0,0.0,0.0,0.0,0.0,0.0,0.0,0.0,0.0,18.0,2.0,20.0,28.0,13.0,1.0,48.0,112.0,3.0,9.0,55.0,0.0,74.0,16.0,0.0,0.0,4.0,2.0153846153846153,2.0,61.0,153.0,190.0,2.0,1.0,1.0,0.0,2.0,22.0,128.27272727272728,196.0,13.0,10.0,10,5829.681818181818,0.045454545454545456
Boulderban,37.0,5.0,0.0,0.0,3.0,0.0,8.0,0.0,9.0,3.0,1.0,0.0,0.0,0.0,0.0,0.0,7.0,0.0,32.0,0.0,0.0,0.0,1.0,0.0,0.0,0.0,3.0,3.0,1.0,1.0,0.0,0.0,0.0,0.0,0.0,0.0,0.0,0.0,0.0,0.0,16.0,5.0,3.0,19.0,7.0,4.0,32.0,71.0,5.0,5.0,37.0,0.0,1.0,0.0,0.0,1.0,2.0,1.5443037974683544,2.0,69.0,73.0,91.0,2.0,0.0,1.0,1.0,2.0,2.0,52.5,63.0,7.0,0.0,0,5197.0,0.0
Boupha's_Candle_Quest,14.0,8.0,0.0,0.0,0.0,0.0,0.0,0.0,4.0,0.0,0.0,0.0,0.0,0.0,0.0,0.0,1.0,6.0,10.0,0.0,0.0,0.0,0.0,0.0,0.0,0.0,5.0,4.0,0.0,0.0,0.0,0.0,0.0,0.0,0.0,0.0,0.0,0.0,0.0,13.0,8.0,0.0,8.0,18.0,5.0,1.0,6.0,24.0,8.0,17.0,14.0,0.0,16.0,12.0,0.0,0.0,3.0,2.066666666666667,2.0,28.0,65.0,77.0,3.0,1.0,0.0,2.0,3.0,12.0,88.25,165.0,5.0,23.857142857142858,48,18096.5,0.5833333333333334
Box_Fill,5.0,2.0,0.0,0.0,0.0,0.0,0.0,0.0,0.0,0.0,0.0,0.0,0.0,0.0,0.0,0.0,0.0,0.0,3.0,0.0,0.0,0.0,0.0,0.0,0.0,0.0,3.0,1.0,0.0,0.0,1.0,0.0,0.0,0.0,0.0,0.0,0.0,0.0,0.0,0.0,1.0,1.0,2.0,9.0,5.0,2.0,3.0,12.0,2.0,2.0,5.0,0.0,0.0,0.0,0.0,0.0,2.0,1.5333333333333334,2.0,0.0,23.0,23.0,1.0,0.0,0.0,1.0,1.0,8.0,49.0,49.0,5.0,22.6,40,17733.875,0.625
Boxes,8.0,1.0,0.0,0.0,1.0,1.0,0.0,0.0,0.0,3.0,0.0,0.0,0.0,0.0,0.0,1.0,0.0,0.0,14.0,0.0,0.0,0.0,0.0,0.0,0.0,0.0,5.0,0.0,0.0,0.0,0.0,0.0,0.0,0.0,0.0,0.0,0.0,0.0,0.0,13.0,5.0,0.0,2.0,13.0,5.0,1.0,7.0,24.0,1.0,1.0,8.0,0.0,0.0,0.0,0.0,0.0,3.0,2.12,1.0,28.0,40.0,45.0,1.0,0.0,0.0,1.0,1.0,9.0,67.22222222222223,156.0,5.0,10.5,24,2706.8888888888887,0.6666666666666666
Boxes_&_Balloons,50.0,12.0,0.0,0.0,3.0,3.0,22.0,15.0,29.0,7.0,0.0,0.0,0.0,3.0,0.0,0.0,0.0,0.0,62.0,0.0,1.0,0.0,0.0,0.0,0.0,0.0,3.0,10.0,0.0,0.0,1.0,0.0,0.0,0.0,0.0,1.0,0.0,0.0,0.0,23.0,20.0,5.0,7.0,29.0,8.0,1.0,23.0,55.0,12.0,12.0,50.0,0.0,7.0,0.0,0.0,0.0,2.0,1.4382022471910112,2.0,54.0,72.0,93.0,1.0,0.0,1.0,0.0,1.0,22.0,158.77272727272728,357.0,8.0,0.0,0,1.0,0.0
Brain,16.0,0.0,0.0,0.0,0.0,0.0,0.0,0.0,0.0,0.0,0.0,0.0,0.0,0.0,0.0,0.0,16.0,0.0,0.0,0.0,0.0,0.0,0.0,0.0,0.0,0.0,15.0,0.0,0.0,0.0,0.0,0.0,0.0,0.0,0.0,0.0,0.0,0.0,0.0,1.0,0.0,10.0,2.0,12.0,4.0,1.0,16.0,58.0,0.0,0.0,16.0,0.0,0.0,0.0,0.0,0.0,8.0,4.862068965517241,1.0,0.0,282.0,282.0,1.0,1.0,0.0,0.0,1.0,1.0,8.0,8.0,4.0,501.0,501,1353.0,1.0
Brendan_loves_mondays,31.0,0.0,0.0,0.0,0.0,0.0,0.0,0.0,0.0,0.0,0.0,0.0,0.0,0.0,0.0,0.0,9.0,0.0,64.0,2.0,0.0,0.0,0.0,0.0,9.0,0.0,3.0,0.0,0.0,0.0,0.0,0.0,0.0,1.0,0.0,0.0,0.0,0.0,0.0,25.0,14.0,0.0,9.0,21.0,3.0,10.0,31.0,97.0,0.0,0.0,31.0,0.0,69.0,0.0,0.0,0.0,2.0,1.907216494845361,1.0,160.0,165.0,165.0,3.0,0.0,0.0,3.0,3.0,10.0,65.0,96.0,3.0,4.8,10,14870.1,0.5
Bricks_and_Hammer,21.0,7.0,0.0,0.0,0.0,0.0,2.0,0.0,8.0,0.0,0.0,0.0,0.0,0.0,0.0,0.0,0.0,0.0,25.0,0.0,0.0,0.0,3.0,0.0,0.0,0.0,3.0,0.0,0.0,1.0,0.0,0.0,0.0,0.0,0.0,0.0,0.0,0.0,0.0,7.0,0.0,1.0,6.0,13.0,5.0,1.0,14.0,44.0,7.0,7.0,21.0,0.0,9.0,0.0,0.0,0.0,2.0,1.4705882352941178,1.0,34.0,69.0,75.0,1.0,0.0,0.0,1.0,1.0,17.0,29.58823529411765,54.0,5.0,13.727272727272727,27,27781.176470588234,0.6470588235294118
Bridge-toggle_Maze,11.0,5.0,0.0,0.0,3.0,3.0,0.0,0.0,0.0,0.0,0.0,0.0,0.0,0.0,0.0,0.0,0.0,4.0,10.0,0.0,4.0,0.0,0.0,0.0,0.0,0.0,5.0,0.0,0.0,0.0,0.0,0.0,0.0,0.0,0.0,0.0,0.0,0.0,0.0,3.0,6.0,2.0,2.0,9.0,4.0,1.0,6.0,12.0,5.0,5.0,11.0,0.0,8.0,4.0,0.0,0.0,3.0,1.7058823529411764,1.0,0.0,12.0,13.0,3.0,2.0,0.0,1.0,3.0,7.0,25.0,49.0,4.0,21.75,40,34777.71428571428,0.5714285714285714
Bridge,3.0,0.0,0.0,0.0,0.0,0.0,0.0,0.0,0.0,0.0,0.0,0.0,0.0,0.0,0.0,0.0,0.0,0.0,6.0,0.0,0.0,1.0,0.0,0.0,0.0,0.0,3.0,0.0,0.0,0.0,0.0,0.0,0.0,0.0,0.0,0.0,0.0,0.0,0.0,4.0,0.0,0.0,8.0,7.0,4.0,1.0,3.0,12.0,0.0,0.0,3.0,0.0,4.0,0.0,0.0,0.0,2.0,2.0,1.0,8.0,12.0,16.0,1.0,0.0,1.0,0.0,1.0,4.0,195.5,377.0,4.0,14.0,14,12267.5,0.25
Broken_Abacus,115.0,34.0,2.0,0.0,32.0,28.0,3.0,13.0,38.0,0.0,0.0,0.0,0.0,0.0,0.0,2.0,8.0,0.0,127.0,0.0,0.0,0.0,1.0,0.0,0.0,0.0,3.0,26.0,0.0,1.0,1.0,0.0,0.0,0.0,0.0,0.0,0.0,0.0,0.0,18.0,15.0,5.0,16.0,31.0,15.0,4.0,68.0,169.0,34.0,34.0,115.0,2.0,20.0,0.0,0.0,0.0,2.0,1.2895752895752897,3.0,122.0,309.0,330.0,2.0,0.0,0.0,2.0,2.0,16.0,91.9375,154.0,15.0,27.0,40,3743.5625,0.625
Broken_Leg_Sokoban,5.0,0.0,0.0,0.0,0.0,0.0,0.0,0.0,0.0,0.0,0.0,0.0,0.0,0.0,0.0,0.0,0.0,0.0,5.0,0.0,2.0,0.0,0.0,0.0,0.0,0.0,3.0,0.0,0.0,0.0,0.0,0.0,0.0,0.0,0.0,0.0,0.0,0.0,0.0,11.0,1.0,1.0,5.0,6.0,3.0,2.0,5.0,8.0,0.0,0.0,5.0,0.0,2.0,0.0,0.0,0.0,2.0,1.5,1.0,10.0,6.0,6.0,1.0,0.0,0.0,1.0,1.0,9.0,62.44444444444444,112.0,3.0,25.25,42,15042.444444444445,0.4444444444444444
Broken_Maze,4.0,0.0,0.0,2.0,1.0,1.0,0.0,0.0,0.0,3.0,1.0,0.0,0.0,0.0,0.0,0.0,0.0,0.0,13.0,0.0,0.0,0.0,0.0,0.0,0.0,0.0,3.0,3.0,0.0,0.0,1.0,0.0,0.0,0.0,0.0,0.0,0.0,0.0,0.0,8.0,6.0,10.0,7.0,9.0,3.0,1.0,4.0,13.0,0.0,0.0,4.0,0.0,8.0,0.0,1.0,0.0,2.0,1.1333333333333333,4.0,24.0,25.0,25.0,1.0,0.0,0.0,1.0,1.0,8.0,289.75,399.0,3.0,0.0,0,0.0,0.0
Brotherhood,9.0,0.0,0.0,0.0,0.0,0.0,0.0,0.0,0.0,0.0,0.0,0.0,0.0,0.0,0.0,0.0,0.0,8.0,8.0,0.0,0.0,0.0,0.0,0.0,0.0,0.0,7.0,4.0,0.0,0.0,0.0,0.0,0.0,0.0,0.0,0.0,0.0,0.0,0.0,34.0,10.0,0.0,8.0,27.0,4.0,4.0,9.0,24.0,0.0,0.0,9.0,0.0,0.0,0.0,0.0,0.0,4.0,2.0,2.0,16.0,40.0,56.0,1.0,0.0,0.0,1.0,1.0,15.0,142.8,189.0,4.0,11.428571428571429,15,10945.8,0.4666666666666667
Brush_Runner,4.0,0.0,0.0,0.0,0.0,0.0,0.0,0.0,4.0,0.0,0.0,0.0,0.0,0.0,0.0,0.0,0.0,0.0,0.0,0.0,0.0,0.0,0.0,0.0,0.0,0.0,1.0,0.0,0.0,0.0,0.0,0.0,0.0,0.0,0.0,0.0,0.0,0.0,0.0,0.0,0.0,0.0,3.0,11.0,4.0,1.0,4.0,4.0,0.0,0.0,4.0,0.0,0.0,0.0,0.0,0.0,1.0,1.0,1.0,4.0,4.0,4.0,4.0,0.0,0.0,4.0,4.0,1.0,121.0,121.0,4.0,0.0,0,9000.0,0.0
Bubble_Boy,4.0,0.0,0.0,0.0,0.0,0.0,0.0,0.0,2.0,0.0,3.0,0.0,0.0,0.0,0.0,0.0,0.0,0.0,8.0,0.0,1.0,0.0,0.0,0.0,0.0,0.0,3.0,0.0,1.0,1.0,0.0,0.0,0.0,0.0,0.0,0.0,0.0,0.0,0.0,2.0,0.0,1.0,2.0,5.0,4.0,1.0,4.0,32.0,0.0,0.0,4.0,0.0,4.0,0.0,0.0,1.0,2.0,2.0,1.0,52.0,52.0,52.0,1.0,0.0,0.0,1.0,1.0,3.0,980.0,1140.0,4.0,0.0,0,2666.6666666666665,0.0
Bubble_Butler__CMD_REORGANIZE,75.0,21.0,0.0,0.0,0.0,0.0,36.0,0.0,109.0,0.0,0.0,0.0,0.0,0.0,0.0,0.0,22.0,2.0,6.0,1.0,0.0,0.0,0.0,0.0,9.0,0.0,5.0,31.0,0.0,1.0,0.0,0.0,0.0,0.0,0.0,0.0,0.0,0.0,0.0,38.0,36.0,11.0,8.0,42.0,7.0,4.0,54.0,85.0,21.0,36.0,75.0,0.0,28.0,16.0,0.0,0.0,3.0,1.6451612903225807,2.0,9.0,166.0,174.0,1.0,0.0,0.0,1.0,1.0,31.0,74.25806451612904,144.0,7.0,4.483870967741935,38,249.93548387096774,1.0
Bubblegoban,6.0,0.0,0.0,0.0,0.0,0.0,0.0,0.0,0.0,0.0,7.0,0.0,0.0,0.0,0.0,0.0,0.0,0.0,9.0,0.0,2.0,0.0,0.0,0.0,0.0,0.0,3.0,0.0,1.0,0.0,0.0,0.0,0.0,0.0,0.0,0.0,0.0,0.0,0.0,0.0,2.0,0.0,2.0,6.0,3.0,1.0,6.0,72.0,0.0,0.0,6.0,0.0,24.0,0.0,0.0,1.0,2.0,2.0,1.0,96.0,40.0,40.0,1.0,0.0,0.0,1.0,1.0,7.0,124.14285714285714,220.0,3.0,31.75,44,203.57142857142858,0.5714285714285714
Bug_Exterminator,14.0,2.0,0.0,0.0,0.0,0.0,0.0,0.0,5.0,1.0,1.0,0.0,0.0,0.0,1.0,0.0,1.0,0.0,1.0,0.0,0.0,0.0,0.0,0.0,1.0,0.0,5.0,2.0,0.0,0.0,0.0,0.0,0.0,0.0,0.0,0.0,0.0,0.0,0.0,6.0,5.0,0.0,7.0,17.0,5.0,1.0,11.0,37.0,2.0,8.0,13.0,0.0,34.0,0.0,0.0,0.0,3.0,1.5797101449275361,2.0,3.0,96.0,105.0,2.0,2.0,0.0,0.0,2.0,5.0,218.4,240.0,5.0,0.0,0,10600.0,0.0
BulletDodger,37.0,7.0,0.0,0.0,0.0,0.0,4.0,0.0,18.0,0.0,0.0,0.0,0.0,0.0,0.0,0.0,0.0,0.0,10.0,0.0,0.0,1.0,0.0,1.0,0.0,0.0,5.0,0.0,0.0,0.0,1.0,0.0,0.0,1.0,0.0,0.0,0.0,0.0,0.0,3.0,34.0,0.0,9.0,43.0,13.0,1.0,30.0,51.0,7.0,24.0,37.0,0.0,30.0,0.0,0.0,0.0,3.0,1.7466666666666666,1.0,48.0,96.0,129.0,1.0,1.0,0.0,0.0,1.0,24.0,90.66666666666667,144.0,13.0,25.0,55,7705.25,0.5416666666666666
CC2,5.0,3.0,0.0,0.0,0.0,0.0,1.0,0.0,4.0,0.0,0.0,0.0,0.0,0.0,0.0,0.0,0.0,0.0,3.0,0.0,0.0,0.0,1.0,0.0,0.0,0.0,3.0,0.0,0.0,0.0,0.0,0.0,0.0,0.0,0.0,0.0,0.0,0.0,0.0,0.0,1.0,1.0,3.0,8.0,6.0,1.0,2.0,5.0,3.0,3.0,5.0,0.0,1.0,0.0,0.0,0.0,2.0,1.625,1.0,9.0,10.0,12.0,1.0,0.0,0.0,1.0,1.0,1.0,60.0,60.0,6.0,5.0,5,69.0,1.0
COIN_COLLECTORS,3.0,0.0,0.0,0.0,0.0,0.0,0.0,0.0,0.0,0.0,0.0,0.0,0.0,0.0,0.0,0.0,0.0,4.0,4.0,0.0,0.0,0.0,0.0,0.0,0.0,0.0,5.0,0.0,0.0,0.0,0.0,0.0,0.0,0.0,0.0,0.0,0.0,0.0,0.0,26.0,0.0,0.0,6.0,4.0,3.0,1.0,3.0,12.0,0.0,0.0,3.0,0.0,12.0,8.0,0.0,0.0,3.0,2.3333333333333335,1.0,4.0,12.0,20.0,1.0,1.0,0.0,0.0,1.0,10.0,84.3,119.0,3.0,5.7,10,113.4,1.0
Cancel,7.0,2.0,0.0,0.0,0.0,0.0,0.0,0.0,0.0,0.0,0.0,0.0,0.0,0.0,0.0,0.0,0.0,0.0,11.0,0.0,0.0,0.0,0.0,0.0,0.0,0.0,3.0,0.0,0.0,0.0,0.0,0.0,0.0,0.0,0.0,0.0,0.0,0.0,0.0,9.0,0.0,0.0,7.0,8.0,3.0,1.0,5.0,20.0,2.0,8.0,7.0,0.0,4.0,0.0,0.0,0.0,2.0,2.0,1.0,32.0,40.0,56.0,4.0,4.0,0.0,0.0,4.0,8.0,67.125,96.0,3.0,35.75,58,21309.5,0.5
Candy's_Crushes_Saga,28.0,0.0,0.0,0.0,28.0,0.0,0.0,0.0,0.0,0.0,0.0,0.0,0.0,0.0,0.0,0.0,0.0,0.0,36.0,0.0,0.0,0.0,0.0,0.0,0.0,0.0,3.0,0.0,0.0,0.0,1.0,0.0,0.0,0.0,0.0,0.0,0.0,0.0,1.0,13.0,6.0,0.0,4.0,12.0,3.0,1.0,28.0,56.0,0.0,0.0,28.0,0.0,0.0,0.0,0.0,0.0,2.0,2.0,1.0,16.0,104.0,104.0,2.0,0.0,0.0,2.0,2.0,26.0,63.69230769230769,64.0,3.0,32.68181818181818,76,9959.0,0.8461538461538461
Candy_Bomb,20.0,9.0,0.0,0.0,0.0,0.0,0.0,0.0,0.0,0.0,0.0,0.0,0.0,0.0,0.0,0.0,0.0,0.0,16.0,0.0,1.0,0.0,0.0,0.0,0.0,0.0,5.0,0.0,1.0,0.0,1.0,0.0,0.0,0.0,0.0,0.0,0.0,0.0,0.0,15.0,7.0,0.0,4.0,14.0,3.0,1.0,11.0,26.0,9.0,28.0,20.0,0.0,8.0,0.0,0.0,1.0,3.0,1.8888888888888888,1.0,40.0,82.0,85.0,2.0,2.0,0.0,0.0,2.0,14.0,32.92857142857143,63.0,3.0,12.5,30,17878.285714285714,0.7142857142857143
Candy_Crush_Demake,65.0,0.0,0.0,0.0,4.0,0.0,1.0,0.0,8.0,1.0,3.0,0.0,0.0,0.0,0.0,8.0,75.0,8.0,2.0,0.0,1.0,0.0,7.0,0.0,0.0,0.0,9.0,29.0,0.0,1.0,0.0,0.0,0.0,1.0,0.0,0.0,0.0,0.0,0.0,23.0,33.0,7.0,2.0,41.0,6.0,2.0,65.0,688.0,0.0,0.0,65.0,0.0,11.0,66.0,0.0,0.0,5.0,1.6791666666666667,2.0,261.0,1728.0,1773.0,3.0,3.0,0.0,0.0,3.0,10.0,76.3,130.0,6.0,12.0,17,2643.0,0.6
Cannon_Fodder,38.0,0.0,0.0,0.0,0.0,0.0,8.0,0.0,13.0,1.0,0.0,0.0,0.0,0.0,0.0,0.0,0.0,8.0,30.0,0.0,0.0,0.0,0.0,0.0,7.0,0.0,15.0,0.0,0.0,1.0,0.0,0.0,1.0,0.0,0.0,0.0,0.0,1.0,0.0,0.0,16.0,0.0,11.0,27.0,6.0,1.0,38.0,111.0,0.0,0.0,38.0,0.0,20.0,15.0,0.0,0.0,8.0,2.5135135135135136,1.0,47.0,153.0,193.0,1.0,0.0,1.0,0.0,1.0,1.0,216.0,216.0,6.0,0.0,0,16000.0,0.0
Carnival_Shooter!,1.0,0.0,0.0,0.0,0.0,0.0,0.0,0.0,0.0,0.0,0.0,0.0,0.0,0.0,0.0,0.0,1.0,0.0,0.0,0.0,0.0,0.0,0.0,0.0,0.0,0.0,3.0,0.0,0.0,0.0,0.0,0.0,0.0,0.0,0.0,0.0,0.0,0.0,0.0,0.0,0.0,0.0,2.0,3.0,3.0,1.0,1.0,4.0,0.0,0.0,1.0,0.0,0.0,0.0,0.0,0.0,2.0,2.0,1.0,0.0,4.0,8.0,0.0,0.0,0.0,0.0,0.0,1.0,98.0,98.0,3.0,0.0,0,392.0,0.0
Carnival_Shooter,1.0,0.0,0.0,0.0,0.0,0.0,0.0,0.0,0.0,0.0,0.0,0.0,0.0,0.0,0.0,0.0,1.0,0.0,0.0,0.0,0.0,0.0,0.0,0.0,0.0,0.0,3.0,0.0,0.0,0.0,0.0,0.0,0.0,0.0,0.0,0.0,0.0,0.0,0.0,0.0,0.0,0.0,0.0,3.0,3.0,1.0,1.0,4.0,0.0,0.0,1.0,0.0,0.0,0.0,0.0,0.0,2.0,2.0,1.0,0.0,4.0,8.0,0.0,0.0,0.0,0.0,0.0,1.0,98.0,98.0,3.0,0.0,0,392.0,0.0
Castle_Duck!,17.0,9.0,0.0,0.0,2.0,0.0,3.0,0.0,7.0,0.0,0.0,0.0,0.0,0.0,0.0,0.0,0.0,0.0,8.0,0.0,0.0,0.0,0.0,0.0,0.0,0.0,11.0,0.0,0.0,0.0,0.0,0.0,0.0,0.0,0.0,0.0,1.0,0.0,0.0,7.0,12.0,5.0,9.0,20.0,5.0,1.0,8.0,26.0,9.0,33.0,17.0,0.0,12.0,0.0,0.0,0.0,6.0,2.4745762711864407,1.0,12.0,107.0,116.0,1.0,1.0,0.0,0.0,1.0,5.0,226.8,275.0,5.0,33.25,45,6581.4,0.8
Castle_Elsewhere,84.0,70.0,0.0,12.0,0.0,0.0,48.0,11.0,42.0,0.0,30.0,0.0,0.0,0.0,0.0,0.0,0.0,0.0,7.0,0.0,0.0,0.0,0.0,0.0,0.0,0.0,3.0,55.0,0.0,1.0,0.0,0.0,0.0,0.0,0.0,0.0,0.0,0.0,0.0,2.0,9.0,8.0,4.0,46.0,31.0,1.0,3.0,213.0,70.0,70.0,84.0,0.0,0.0,0.0,1.0,0.0,2.0,1.4924242424242424,2.0,416.0,722.0,740.0,1.0,0.0,0.0,1.0,1.0,26.0,71.46153846153847,150.0,31.0,0.0,0,0.0,0.0
Castle_Monk,12.0,0.0,0.0,0.0,0.0,0.0,2.0,0.0,8.0,0.0,0.0,0.0,0.0,0.0,0.0,0.0,0.0,2.0,7.0,0.0,2.0,0.0,4.0,0.0,0.0,0.0,7.0,0.0,0.0,1.0,0.0,0.0,0.0,0.0,0.0,0.0,0.0,0.0,0.0,0.0,5.0,0.0,5.0,11.0,4.0,1.0,12.0,21.0,0.0,0.0,12.0,0.0,9.0,4.0,0.0,0.0,4.0,2.0476190476190474,1.0,22.0,31.0,31.0,1.0,0.0,0.0,1.0,1.0,2.0,90.5,100.0,4.0,16.5,19,44.0,1.0
Cave_Explorer,96.0,47.0,10.0,0.0,2.0,2.0,51.0,8.0,138.0,2.0,0.0,0.0,0.0,0.0,1.0,14.0,2.0,0.0,17.0,0.0,3.0,0.0,3.0,0.0,1.0,0.0,15.0,20.0,1.0,0.0,0.0,0.0,0.0,0.0,0.0,0.0,0.0,1.0,0.0,3.0,26.0,5.0,10.0,30.0,6.0,1.0,49.0,90.0,39.0,51.0,96.0,10.0,36.0,0.0,0.0,1.0,8.0,1.9390243902439024,2.0,28.0,216.0,242.0,1.0,0.0,0.0,1.0,1.0,1.0,1734.0,1734.0,6.0,0.0,0,1000.0,0.0
Cave_Story_Demake_v2.3,26.0,0.0,0.0,0.0,0.0,0.0,11.0,0.0,9.0,0.0,0.0,0.0,0.0,0.0,0.0,0.0,1.0,3.0,24.0,1.0,1.0,1.0,0.0,1.0,4.0,0.0,5.0,1.0,0.0,0.0,0.0,0.0,0.0,0.0,0.0,0.0,1.0,0.0,0.0,10.0,24.0,0.0,6.0,25.0,3.0,6.0,26.0,53.0,0.0,0.0,26.0,0.0,19.0,4.0,0.0,0.0,3.0,1.9444444444444444,2.0,18.0,26.0,58.0,0.0,0.0,0.0,0.0,0.0,3.0,576.0,1512.0,3.0,8.0,14,1062.3333333333333,0.6666666666666666
Cell_Division,8.0,0.0,0.0,0.0,0.0,0.0,4.0,0.0,2.0,0.0,0.0,0.0,0.0,0.0,0.0,0.0,4.0,0.0,0.0,0.0,0.0,0.0,4.0,0.0,0.0,0.0,3.0,0.0,0.0,0.0,0.0,0.0,0.0,0.0,0.0,0.0,0.0,0.0,0.0,0.0,4.0,2.0,4.0,9.0,4.0,1.0,8.0,11.0,0.0,0.0,8.0,0.0,10.0,0.0,0.0,0.0,2.0,1.7272727272727273,1.0,0.0,18.0,19.0,1.0,1.0,0.0,0.0,1.0,1.0,144.0,144.0,4.0,0.0,0,31000.0,0.0
Channel,15.0,3.0,1.0,0.0,0.0,0.0,0.0,0.0,3.0,2.0,0.0,0.0,0.0,0.0,0.0,1.0,0.0,2.0,15.0,0.0,3.0,1.0,0.0,0.0,0.0,0.0,5.0,3.0,1.0,1.0,1.0,0.0,0.0,1.0,1.0,1.0,1.0,0.0,0.0,0.0,3.0,2.0,8.0,11.0,4.0,1.0,12.0,28.0,3.0,6.0,15.0,1.0,13.0,4.0,0.0,1.0,3.0,1.6486486486486487,2.0,23.0,36.0,38.0,1.0,1.0,0.0,0.0,1.0,1.0,2886.0,2886.0,4.0,0.0,0,11.0,0.0
Chicken_Chicken_Crocodisles_-_Bonus_Level,88.0,11.0,0.0,0.0,7.0,7.0,36.0,0.0,23.0,6.0,65.0,0.0,0.0,0.0,0.0,2.0,0.0,0.0,37.0,0.0,1.0,0.0,3.0,1.0,0.0,0.0,3.0,33.0,1.0,1.0,1.0,0.0,0.0,0.0,0.0,0.0,0.0,0.0,0.0,3.0,134.0,142.0,14.0,122.0,24.0,2.0,77.0,284.0,11.0,11.0,88.0,0.0,22.0,0.0,0.0,1.0,2.0,1.60752688172043,3.0,388.0,414.0,464.0,3.0,2.0,0.0,1.0,3.0,1.0,378.0,378.0,24.0,0.0,0,4000.0,0.0
Circuit_Breaker,11.0,8.0,0.0,0.0,0.0,0.0,2.0,0.0,4.0,0.0,0.0,0.0,0.0,0.0,0.0,0.0,0.0,0.0,7.0,0.0,0.0,0.0,0.0,0.0,0.0,0.0,3.0,0.0,0.0,1.0,1.0,0.0,0.0,0.0,0.0,0.0,0.0,0.0,0.0,7.0,8.0,32.0,3.0,13.0,11.0,1.0,3.0,24.0,8.0,12.0,11.0,0.0,0.0,0.0,0.0,0.0,2.0,1.2777777777777777,1.0,24.0,37.0,42.0,4.0,0.0,0.0,4.0,4.0,5.0,58.2,81.0,11.0,38.0,59,24772.6,0.4
Circulando,27.0,0.0,0.0,0.0,0.0,0.0,16.0,0.0,0.0,0.0,0.0,0.0,0.0,0.0,0.0,0.0,8.0,0.0,12.0,0.0,10.0,0.0,0.0,0.0,0.0,0.0,3.0,0.0,0.0,0.0,0.0,0.0,0.0,0.0,0.0,0.0,0.0,0.0,0.0,4.0,8.0,1.0,4.0,13.0,4.0,1.0,27.0,33.0,0.0,0.0,27.0,0.0,16.0,0.0,0.0,0.0,2.0,1.7272727272727273,1.0,12.0,24.0,25.0,2.0,0.0,0.0,2.0,2.0,3.0,49.0,49.0,4.0,15.0,15,37975.0,0.3333333333333333
City_Founder,311.0,0.0,30.0,0.0,0.0,0.0,204.0,0.0,299.0,293.0,3.0,0.0,0.0,0.0,0.0,36.0,38.0,0.0,25.0,0.0,0.0,0.0,0.0,1.0,18.0,0.0,21.0,301.0,1.0,1.0,0.0,0.0,0.0,1.0,0.0,1.0,1.0,0.0,0.0,8.0,116.0,39.0,11.0,122.0,44.0,1.0,311.0,15178.0,0.0,0.0,311.0,75.0,79.0,0.0,0.0,1.0,11.0,1.9535818035725323,6.0,29434.0,31375.0,31504.0,1.0,1.0,0.0,0.0,1.0,1.0,3535.0,3535.0,44.0,0.0,0,1000.0,0.0
Clean_Up,17.0,6.0,0.0,0.0,0.0,0.0,0.0,0.0,6.0,0.0,0.0,0.0,0.0,0.0,0.0,0.0,0.0,0.0,24.0,0.0,0.0,0.0,0.0,0.0,0.0,0.0,3.0,0.0,0.0,0.0,1.0,0.0,0.0,0.0,0.0,0.0,0.0,0.0,1.0,9.0,6.0,0.0,6.0,17.0,4.0,2.0,11.0,35.0,6.0,6.0,17.0,0.0,34.0,0.0,0.0,0.0,2.0,1.7804878048780488,1.0,66.0,33.0,33.0,1.0,1.0,0.0,0.0,1.0,8.0,54.375,70.0,4.0,16.125,30,552.5,1.0
Clean_your_room,34.0,3.0,0.0,0.0,0.0,0.0,0.0,0.0,0.0,0.0,0.0,0.0,0.0,0.0,0.0,0.0,0.0,0.0,29.0,0.0,0.0,0.0,8.0,0.0,0.0,0.0,5.0,0.0,0.0,0.0,0.0,0.0,0.0,0.0,0.0,0.0,0.0,0.0,0.0,0.0,20.0,1.0,2.0,24.0,4.0,1.0,31.0,73.0,3.0,3.0,34.0,0.0,8.0,0.0,0.0,0.0,3.0,1.7894736842105263,1.0,76.0,104.0,124.0,6.0,6.0,0.0,0.0,6.0,12.0,58.666666666666664,90.0,4.0,29.625,45,16998.75,0.6666666666666666
Clones,1.0,0.0,0.0,0.0,0.0,0.0,0.0,0.0,0.0,0.0,0.0,0.0,0.0,0.0,0.0,0.0,0.0,0.0,3.0,0.0,0.0,0.0,0.0,0.0,0.0,0.0,3.0,0.0,0.0,0.0,0.0,0.0,0.0,0.0,0.0,0.0,0.0,0.0,0.0,11.0,0.0,0.0,3.0,5.0,3.0,1.0,1.0,4.0,0.0,0.0,1.0,0.0,0.0,0.0,0.0,0.0,2.0,2.0,1.0,8.0,8.0,8.0,1.0,0.0,0.0,1.0,1.0,10.0,560.2,2442.0,3.0,12.25,17,4434.0,0.4
Closure_Demake,37.0,14.0,0.0,0.0,5.0,0.0,7.0,0.0,43.0,0.0,0.0,3.0,0.0,0.0,0.0,0.0,4.0,0.0,14.0,1.0,0.0,0.0,7.0,0.0,0.0,0.0,3.0,1.0,0.0,1.0,0.0,0.0,0.0,0.0,0.0,0.0,0.0,0.0,0.0,2.0,20.0,4.0,9.0,28.0,5.0,1.0,23.0,29.0,14.0,25.0,37.0,0.0,10.0,0.0,0.0,0.0,2.0,1.5357142857142858,2.0,26.0,64.0,73.0,0.0,0.0,0.0,0.0,0.0,6.0,297.6666666666667,330.0,5.0,18.5,23,1385.8333333333333,0.3333333333333333
Club_Penguin,22.0,1.0,1.0,0.0,0.0,0.0,4.0,0.0,10.0,0.0,0.0,0.0,0.0,0.0,0.0,1.0,6.0,0.0,0.0,0.0,0.0,0.0,5.0,0.0,6.0,0.0,3.0,3.0,0.0,0.0,0.0,0.0,0.0,0.0,0.0,0.0,0.0,0.0,0.0,1.0,8.0,13.0,2.0,35.0,13.0,2.0,21.0,115.0,1.0,1.0,22.0,1.0,22.0,0.0,0.0,0.0,2.0,1.8455284552845528,6.0,17.0,224.0,227.0,0.0,0.0,0.0,0.0,0.0,1.0,132.0,132.0,13.0,0.0,0,21000.0,0.0
Coin_Counter,94.0,4.0,0.0,0.0,0.0,0.0,2.0,0.0,78.0,1.0,1.0,0.0,0.0,0.0,0.0,0.0,1.0,0.0,7.0,3.0,0.0,0.0,4.0,0.0,0.0,0.0,3.0,76.0,0.0,1.0,0.0,0.0,0.0,0.0,0.0,0.0,0.0,0.0,0.0,0.0,15.0,17.0,2.0,33.0,16.0,1.0,90.0,100.0,4.0,4.0,94.0,0.0,11.0,0.0,0.0,0.0,2.0,1.053763440860215,2.0,0.0,168.0,180.0,3.0,2.0,0.0,1.0,3.0,11.0,186.63636363636363,1156.0,16.0,33.8,78,1538.2727272727273,0.9090909090909091
Coin_Dropper,27.0,5.0,0.0,0.0,5.0,0.0,13.0,0.0,13.0,0.0,1.0,0.0,0.0,0.0,0.0,0.0,0.0,18.0,6.0,0.0,0.0,0.0,11.0,0.0,0.0,0.0,7.0,1.0,0.0,1.0,0.0,0.0,0.0,0.0,0.0,0.0,0.0,0.0,0.0,5.0,13.0,2.0,10.0,15.0,7.0,1.0,22.0,68.0,5.0,10.0,27.0,0.0,50.0,46.0,0.0,0.0,4.0,2.4819277108433737,2.0,71.0,132.0,152.0,1.0,1.0,0.0,0.0,1.0,24.0,85.95833333333333,247.0,7.0,16.473684210526315,35,8790.375,0.7916666666666666
Coin_Eater,24.0,0.0,0.0,0.0,0.0,0.0,0.0,0.0,0.0,3.0,0.0,0.0,0.0,0.0,0.0,0.0,1.0,0.0,36.0,0.0,0.0,1.0,0.0,0.0,0.0,0.0,5.0,0.0,0.0,0.0,0.0,0.0,0.0,0.0,0.0,0.0,0.0,0.0,0.0,8.0,23.0,1.0,2.0,27.0,8.0,5.0,24.0,334.0,0.0,0.0,24.0,0.0,1.0,0.0,0.0,0.0,3.0,2.3532934131736525,1.0,308.0,633.0,773.0,1.0,1.0,0.0,0.0,1.0,7.0,40.714285714285715,90.0,8.0,9.714285714285714,15,2629.4285714285716,1.0
Cold_Feet_Sokoban,13.0,0.0,0.0,0.0,0.0,0.0,4.0,0.0,2.0,0.0,0.0,0.0,0.0,0.0,0.0,0.0,0.0,0.0,10.0,0.0,0.0,0.0,4.0,0.0,0.0,0.0,3.0,0.0,1.0,0.0,0.0,0.0,0.0,0.0,0.0,0.0,0.0,0.0,0.0,4.0,3.0,1.0,5.0,10.0,4.0,1.0,13.0,22.0,0.0,0.0,13.0,0.0,4.0,0.0,0.0,1.0,2.0,1.7272727272727273,1.0,16.0,38.0,38.0,1.0,0.0,0.0,1.0,1.0,3.0,46.333333333333336,49.0,4.0,10.5,14,16740.0,0.6666666666666666
Collapsable_Sokoban,2.0,0.0,0.0,0.0,0.0,0.0,0.0,0.0,0.0,0.0,0.0,0.0,0.0,0.0,0.0,0.0,0.0,2.0,4.0,0.0,0.0,0.0,0.0,0.0,0.0,0.0,5.0,0.0,0.0,0.0,0.0,0.0,0.0,0.0,0.0,0.0,0.0,0.0,0.0,4.0,0.0,1.0,5.0,5.0,3.0,1.0,2.0,8.0,0.0,0.0,2.0,0.0,0.0,4.0,0.0,0.0,3.0,2.5,1.0,12.0,16.0,16.0,1.0,0.0,0.0,1.0,1.0,3.0,100.0,100.0,3.0,10.0,14,14157.0,0.6666666666666666
Collect_Gnocchi,46.0,19.0,0.0,0.0,0.0,0.0,2.0,3.0,15.0,0.0,0.0,3.0,0.0,0.0,0.0,0.0,2.0,0.0,28.0,0.0,6.0,0.0,0.0,0.0,0.0,0.0,5.0,14.0,0.0,1.0,0.0,0.0,0.0,0.0,0.0,0.0,0.0,0.0,0.0,14.0,32.0,84.0,16.0,35.0,10.0,1.0,27.0,1164.0,16.0,66.0,46.0,0.0,1142.0,0.0,0.0,0.0,3.0,2.7343378271213323,2.0,64.0,196.0,255.0,1.0,1.0,0.0,0.0,1.0,19.0,167.31578947368422,266.0,10.0,28.0,29,8179.578947368421,0.10526315789473684
ColorLift,56.0,0.0,6.0,0.0,0.0,0.0,9.0,5.0,57.0,7.0,3.0,0.0,0.0,0.0,0.0,13.0,2.0,0.0,12.0,0.0,2.0,1.0,0.0,0.0,0.0,0.0,3.0,8.0,0.0,0.0,0.0,0.0,0.0,1.0,0.0,1.0,0.0,0.0,0.0,0.0,30.0,1.0,3.0,18.0,6.0,1.0,51.0,161.0,0.0,0.0,56.0,14.0,9.0,0.0,0.0,0.0,2.0,1.8128654970760234,3.0,70.0,278.0,284.0,0.0,0.0,0.0,0.0,0.0,1.0,722.0,722.0,6.0,0.0,0,3000.0,0.0
Color_Combination,20.0,0.0,0.0,0.0,0.0,0.0,0.0,0.0,0.0,0.0,0.0,0.0,0.0,0.0,0.0,0.0,0.0,0.0,22.0,0.0,0.0,0.0,0.0,0.0,0.0,0.0,3.0,0.0,0.0,0.0,0.0,0.0,0.0,0.0,0.0,0.0,0.0,0.0,0.0,2.0,12.0,0.0,5.0,18.0,3.0,1.0,20.0,80.0,0.0,0.0,20.0,0.0,76.0,0.0,0.0,0.0,2.0,2.0,1.0,8.0,80.0,156.0,1.0,1.0,0.0,0.0,1.0,5.0,68.4,80.0,3.0,10.666666666666666,16,25543.2,0.6
Color_Fill_Land,47.0,0.0,0.0,0.0,0.0,0.0,26.0,0.0,52.0,0.0,0.0,0.0,0.0,0.0,0.0,1.0,0.0,0.0,0.0,0.0,0.0,0.0,0.0,0.0,0.0,0.0,5.0,2.0,0.0,1.0,0.0,0.0,0.0,0.0,0.0,0.0,0.0,0.0,0.0,0.0,33.0,13.0,2.0,45.0,29.0,1.0,47.0,74.0,0.0,0.0,47.0,0.0,0.0,0.0,0.0,0.0,3.0,1.5714285714285714,3.0,0.0,80.0,98.0,1.0,0.0,0.0,1.0,1.0,11.0,122.36363636363636,150.0,29.0,7.4,10,1064.3636363636363,0.45454545454545453
Color_Slider,16.0,0.0,0.0,0.0,0.0,0.0,4.0,0.0,14.0,0.0,0.0,0.0,0.0,0.0,0.0,0.0,0.0,0.0,0.0,0.0,0.0,0.0,11.0,0.0,0.0,0.0,5.0,10.0,0.0,1.0,0.0,0.0,0.0,0.0,0.0,0.0,0.0,0.0,0.0,0.0,14.0,1.0,2.0,14.0,4.0,5.0,16.0,22.0,0.0,0.0,16.0,0.0,17.0,0.0,0.0,0.0,3.0,1.736842105263158,2.0,4.0,44.0,46.0,0.0,0.0,0.0,0.0,0.0,5.0,100.0,100.0,4.0,0.0,0,2281.0,0.0
Color_Totems,186.0,172.0,0.0,0.0,0.0,0.0,0.0,0.0,141.0,0.0,0.0,0.0,0.0,0.0,0.0,0.0,0.0,120.0,20.0,0.0,0.0,0.0,0.0,0.0,0.0,0.0,7.0,0.0,0.0,1.0,1.0,0.0,0.0,0.0,0.0,0.0,0.0,0.0,1.0,32.0,46.0,6.0,11.0,55.0,4.0,8.0,14.0,56.0,172.0,352.0,186.0,0.0,352.0,240.0,0.0,0.0,4.0,2.843137254901961,1.0,24.0,840.0,900.0,2.0,1.0,1.0,0.0,2.0,18.0,177.44444444444446,675.0,4.0,77.0,77,14810.277777777777,0.05555555555555555
Colorban,12.0,3.0,0.0,0.0,0.0,0.0,0.0,0.0,0.0,0.0,0.0,0.0,0.0,0.0,0.0,0.0,0.0,0.0,27.0,0.0,0.0,0.0,0.0,0.0,0.0,0.0,3.0,7.0,0.0,0.0,0.0,0.0,0.0,0.0,0.0,0.0,0.0,0.0,0.0,25.0,8.0,7.0,2.0,12.0,3.0,1.0,9.0,36.0,3.0,3.0,12.0,0.0,0.0,0.0,0.0,0.0,2.0,1.1194029850746268,2.0,72.0,63.0,63.0,3.0,0.0,0.0,3.0,3.0,23.0,61.82608695652174,169.0,3.0,18.0,33,2930.086956521739,0.8695652173913043
Colorblend,110.0,71.0,1.0,0.0,1.0,2.0,16.0,13.0,3.0,0.0,0.0,0.0,0.0,0.0,0.0,2.0,52.0,0.0,0.0,0.0,0.0,0.0,0.0,0.0,0.0,0.0,13.0,17.0,1.0,1.0,0.0,1.0,0.0,1.0,0.0,0.0,0.0,0.0,0.0,13.0,19.0,0.0,2.0,37.0,7.0,1.0,26.0,96.0,71.0,287.0,110.0,7.0,0.0,0.0,0.0,1.0,7.0,3.915294117647059,5.0,72.0,692.0,920.0,0.0,0.0,0.0,0.0,0.0,1.0,195.0,195.0,7.0,0.0,0,7000.0,0.0
Colors,12.0,0.0,0.0,0.0,1.0,0.0,1.0,0.0,14.0,0.0,0.0,0.0,0.0,0.0,0.0,1.0,5.0,0.0,0.0,0.0,0.0,0.0,0.0,0.0,0.0,0.0,3.0,0.0,0.0,1.0,0.0,0.0,0.0,0.0,0.0,0.0,0.0,0.0,0.0,0.0,6.0,1.0,2.0,13.0,3.0,1.0,12.0,46.0,0.0,0.0,12.0,0.0,0.0,0.0,0.0,0.0,2.0,1.9565217391304348,1.0,0.0,89.0,90.0,1.0,1.0,0.0,0.0,1.0,1.0,120.0,120.0,3.0,0.0,0,15000.0,0.0
Colour_Chained,46.0,0.0,1.0,0.0,0.0,5.0,21.0,0.0,12.0,3.0,3.0,0.0,0.0,0.0,0.0,2.0,1.0,0.0,27.0,0.0,2.0,0.0,3.0,0.0,0.0,0.0,5.0,5.0,1.0,1.0,0.0,0.0,0.0,1.0,0.0,0.0,0.0,0.0,0.0,3.0,18.0,0.0,7.0,28.0,5.0,2.0,46.0,155.0,0.0,0.0,46.0,1.0,28.0,0.0,0.0,1.0,3.0,1.4879725085910653,3.0,37.0,399.0,413.0,2.0,2.0,0.0,0.0,2.0,12.0,100.0,100.0,5.0,6.285714285714286,9,1640.3333333333333,0.5833333333333334
Colour_Chained_Endless,52.0,0.0,0.0,0.0,0.0,4.0,21.0,0.0,12.0,0.0,3.0,0.0,0.0,0.0,0.0,2.0,1.0,0.0,24.0,0.0,1.0,0.0,4.0,0.0,0.0,0.0,5.0,8.0,0.0,1.0,0.0,0.0,0.0,0.0,0.0,0.0,0.0,0.0,0.0,0.0,18.0,0.0,5.0,31.0,5.0,2.0,52.0,104.0,0.0,0.0,52.0,0.0,21.0,0.0,0.0,0.0,3.0,1.6,3.0,26.0,147.0,167.0,2.0,2.0,0.0,0.0,2.0,1.0,100.0,100.0,5.0,0.0,0,2000.0,0.0
Combine!,7.0,5.0,0.0,0.0,0.0,0.0,0.0,0.0,0.0,0.0,0.0,0.0,0.0,0.0,0.0,0.0,0.0,0.0,6.0,0.0,0.0,0.0,0.0,0.0,0.0,0.0,5.0,0.0,0.0,0.0,0.0,0.0,0.0,0.0,0.0,0.0,0.0,0.0,1.0,1.0,5.0,0.0,2.0,8.0,3.0,1.0,2.0,8.0,5.0,10.0,7.0,0.0,0.0,0.0,0.0,0.0,3.0,2.5555555555555554,1.0,16.0,14.0,34.0,1.0,0.0,1.0,0.0,1.0,12.0,44.75,100.0,3.0,6.111111111111111,12,9461.5,0.75
Come_Doggo_come_-_Alliteration,3.0,0.0,0.0,0.0,0.0,0.0,0.0,0.0,0.0,0.0,0.0,0.0,0.0,0.0,0.0,0.0,0.0,0.0,4.0,0.0,0.0,0.0,0.0,0.0,0.0,0.0,3.0,0.0,0.0,0.0,0.0,0.0,0.0,0.0,0.0,0.0,0.0,0.0,0.0,3.0,0.0,2.0,4.0,7.0,4.0,1.0,3.0,9.0,0.0,0.0,3.0,0.0,0.0,0.0,0.0,0.0,2.0,1.8888888888888888,1.0,8.0,17.0,17.0,1.0,1.0,0.0,0.0,1.0,1.0,207.0,207.0,4.0,0.0,0,18000.0,0.0
Connect_Four,90.0,2.0,0.0,0.0,0.0,0.0,49.0,0.0,3.0,0.0,2.0,0.0,0.0,0.0,0.0,0.0,5.0,4.0,43.0,0.0,0.0,0.0,1.0,0.0,0.0,0.0,7.0,3.0,0.0,0.0,0.0,0.0,0.0,0.0,0.0,0.0,0.0,0.0,0.0,0.0,6.0,3.0,5.0,12.0,6.0,4.0,88.0,127.0,2.0,2.0,90.0,0.0,7.0,32.0,0.0,0.0,4.0,2.0955882352941178,2.0,54.0,145.0,218.0,1.0,0.0,1.0,0.0,1.0,2.0,42.0,42.0,6.0,11.0,11,5316.5,1.0
Cooking_Game,140.0,64.0,0.0,0.0,0.0,0.0,52.0,0.0,2.0,3.0,24.0,8.0,0.0,0.0,0.0,0.0,0.0,0.0,36.0,0.0,1.0,0.0,0.0,0.0,8.0,0.0,5.0,10.0,1.0,1.0,0.0,0.0,0.0,0.0,0.0,0.0,0.0,0.0,0.0,1.0,66.0,1.0,2.0,78.0,13.0,2.0,76.0,286.0,64.0,76.0,140.0,0.0,12.0,0.0,0.0,1.0,3.0,1.8064516129032258,2.0,436.0,254.0,267.0,2.0,0.0,0.0,2.0,2.0,7.0,76.0,110.0,13.0,54.0,54,10126.857142857143,0.14285714285714285
Count_Mover,41.0,38.0,0.0,0.0,0.0,0.0,8.0,0.0,5.0,0.0,0.0,0.0,0.0,0.0,0.0,0.0,0.0,0.0,3.0,0.0,0.0,0.0,1.0,0.0,2.0,0.0,9.0,8.0,1.0,1.0,0.0,0.0,0.0,0.0,0.0,0.0,0.0,0.0,0.0,1.0,19.0,5.0,8.0,37.0,7.0,1.0,3.0,6.0,38.0,47.0,41.0,0.0,7.0,0.0,0.0,1.0,5.0,1.5555555555555556,3.0,8.0,94.0,99.0,2.0,0.0,1.0,1.0,2.0,1.0,108.0,108.0,7.0,0.0,0,20000.0,0.0
Crafting_Table,2.0,0.0,0.0,0.0,0.0,0.0,0.0,0.0,0.0,0.0,0.0,0.0,0.0,0.0,0.0,0.0,0.0,0.0,6.0,0.0,0.0,0.0,0.0,0.0,0.0,0.0,3.0,0.0,0.0,0.0,0.0,0.0,0.0,0.0,0.0,0.0,0.0,0.0,0.0,0.0,2.0,4.0,3.0,7.0,3.0,1.0,2.0,8.0,0.0,0.0,2.0,0.0,0.0,0.0,0.0,0.0,2.0,2.0,1.0,16.0,4.0,4.0,2.0,0.0,0.0,2.0,2.0,4.0,38.25,49.0,3.0,9.0,13,15018.75,0.75
Crate_Game_Five,23.0,2.0,0.0,0.0,0.0,0.0,0.0,0.0,6.0,0.0,12.0,0.0,0.0,0.0,0.0,0.0,0.0,0.0,16.0,0.0,0.0,0.0,5.0,0.0,0.0,0.0,11.0,3.0,0.0,1.0,0.0,0.0,0.0,0.0,0.0,0.0,0.0,0.0,0.0,0.0,5.0,10.0,9.0,14.0,7.0,1.0,21.0,130.0,2.0,2.0,23.0,0.0,20.0,0.0,0.0,0.0,6.0,2.1594202898550723,2.0,184.0,273.0,282.0,2.0,1.0,0.0,1.0,2.0,5.0,505.4,750.0,7.0,13.5,33,620.2,0.8
Crate_Rotate,42.0,0.0,0.0,0.0,0.0,0.0,12.0,0.0,5.0,2.0,6.0,0.0,0.0,0.0,0.0,0.0,8.0,0.0,8.0,0.0,0.0,0.0,0.0,0.0,0.0,0.0,3.0,0.0,0.0,0.0,0.0,0.0,0.0,0.0,0.0,0.0,0.0,0.0,0.0,0.0,5.0,1.0,2.0,12.0,4.0,4.0,42.0,200.0,0.0,0.0,42.0,0.0,0.0,0.0,0.0,0.0,2.0,1.9,1.0,186.0,244.0,344.0,1.0,0.0,0.0,1.0,1.0,11.0,48.18181818181818,63.0,4.0,17.272727272727273,36,428.09090909090907,1.0
Cross_All_Logs,50.0,6.0,0.0,12.0,11.0,11.0,19.0,14.0,22.0,0.0,12.0,0.0,0.0,0.0,0.0,0.0,0.0,0.0,50.0,0.0,0.0,0.0,6.0,1.0,0.0,0.0,7.0,0.0,0.0,1.0,0.0,1.0,0.0,0.0,0.0,0.0,1.0,0.0,0.0,0.0,14.0,5.0,2.0,29.0,8.0,1.0,30.0,114.0,6.0,6.0,50.0,0.0,13.0,0.0,1.0,0.0,4.0,2.1416666666666666,1.0,96.0,195.0,232.0,0.0,0.0,0.0,0.0,0.0,1.0,16330.0,16330.0,8.0,0.0,0,0.0,0.0
Crypt_of_the_Necrodancer__DEMAKE_,47.0,33.0,0.0,0.0,0.0,0.0,20.0,0.0,34.0,0.0,3.0,0.0,0.0,0.0,0.0,0.0,0.0,0.0,5.0,0.0,1.0,0.0,0.0,0.0,0.0,0.0,3.0,5.0,1.0,0.0,0.0,0.0,0.0,1.0,0.0,1.0,1.0,0.0,0.0,2.0,13.0,1.0,10.0,26.0,13.0,1.0,14.0,37.0,33.0,50.0,47.0,0.0,13.0,0.0,0.0,1.0,2.0,1.5940594059405941,2.0,5.0,116.0,150.0,2.0,1.0,1.0,0.0,2.0,1.0,546.0,546.0,13.0,0.0,0,6.0,0.0
Cuddlefish,4.0,0.0,0.0,0.0,0.0,0.0,0.0,0.0,3.0,0.0,0.0,0.0,0.0,0.0,0.0,0.0,1.0,4.0,0.0,0.0,0.0,0.0,0.0,0.0,0.0,0.0,5.0,0.0,0.0,1.0,0.0,1.0,0.0,0.0,0.0,0.0,0.0,0.0,0.0,0.0,3.0,0.0,2.0,10.0,3.0,1.0,4.0,14.0,0.0,0.0,4.0,0.0,0.0,8.0,0.0,0.0,3.0,2.5714285714285716,1.0,0.0,24.0,28.0,3.0,3.0,0.0,0.0,3.0,1.0,42.0,42.0,3.0,0.0,0,19000.0,0.0
Cyberpunk_2020,2.0,0.0,0.0,0.0,0.0,0.0,0.0,0.0,0.0,0.0,0.0,0.0,0.0,0.0,0.0,0.0,0.0,0.0,6.0,0.0,0.0,0.0,0.0,0.0,0.0,0.0,3.0,0.0,0.0,0.0,0.0,0.0,0.0,0.0,0.0,0.0,0.0,0.0,0.0,4.0,0.0,3.0,8.0,7.0,3.0,1.0,2.0,8.0,0.0,0.0,2.0,0.0,0.0,0.0,0.0,0.0,2.0,2.0,1.0,16.0,16.0,16.0,2.0,0.0,0.0,2.0,2.0,5.0,42.0,42.0,3.0,22.0,26,3966.8,1.0
